"11226:鳩ケ谷市","ハトガヤシ"
"11241:鶴ケ島市","ツルガシマシ"
"14207:茅ケ崎市","チガサキシ"
"15441:北魚沼郡川口町","キタウオヌマグンカワグチマチ"
"17386:羽咋郡宝逹志水町","ハクイグンホウダツシミズチョウ"
"22361:富士郡芝川町","フジグンシバカワチョウ"
"22503:浜名郡新居町","ハマナグンアライチョウ"
"23421:海部郡七宝町","アマグンシッポウチョウ"
"23423:海部郡甚目寺町","アマグンジモクジチョウ"
"23481:幡豆郡一色町","ハズグンイッシキチョウ"
"23482:幡豆郡吉良町","ハズグンキラチョウ"
"23483:幡豆郡幡豆町","ハズグンハズチョウ"
"45301:宮崎郡清武町","ミヤザキグンキヨタケチョウ"
"45362:西諸県郡野尻町","ニシモロカタグンノジリチョウ"
"46441:姶良郡加治木町","アイラグンカジキチョウ"
"46442:姶良郡姶良町","アイラグンアイラチョウ"
"46443:姶良郡蒲生町","アイラグンカモウチョウ"
"01101:札幌市中央区","サッポロシチュウオウク"
"01102:札幌市北区","サッポロシキタク"
"01103:札幌市東区","サッポロシヒガシク"
"01104:札幌市白石区","サッポロシシロイシク"
"01105:札幌市豊平区","サッポロシトヨヒラク"
"01106:札幌市南区","サッポロシミナミク"
"01107:札幌市西区","サッポロシニシク"
"01108:札幌市厚別区","サッポロシアツベツク"
"01109:札幌市手稲区","サッポロシテイネク"
"01110:札幌市清田区","サッポロシキヨタク"
"01202:函館市","ハコダテシ"
"01203:小樽市","オタルシ"
"01204:旭川市","アサヒカワシ"
"01205:室蘭市","ムロランシ"
"01206:釧路市","クシロシ"
"01207:帯広市","オビヒロシ"
"01208:北見市","キタミシ"
"01209:夕張市","ユウバリシ"
"01210:岩見沢市","イワミザワシ"
"01211:網走市","アバシリシ"
"01212:留萌市","ルモイシ"
"01213:苫小牧市","トマコマイシ"
"01214:稚内市","ワッカナイシ"
"01215:美唄市","ビバイシ"
"01216:芦別市","アシベツシ"
"01217:江別市","エベツシ"
"01218:赤平市","アカビラシ"
"01219:紋別市","モンベツシ"
"01220:士別市","シベツシ"
"01221:名寄市","ナヨロシ"
"01222:三笠市","ミカサシ"
"01223:根室市","ネムロシ"
"01224:千歳市","チトセシ"
"01225:滝川市","タキカワシ"
"01226:砂川市","スナガワシ"
"01227:歌志内市","ウタシナイシ"
"01228:深川市","フカガワシ"
"01229:富良野市","フラノシ"
"01230:登別市","ノボリベツシ"
"01231:恵庭市","エニワシ"
"01233:伊達市","ダテシ"
"01234:北広島市","キタヒロシマシ"
"01235:石狩市","イシカリシ"
"01236:北斗市","ホクトシ"
"01303:石狩郡当別町","イシカリグントウベツチョウ"
"01304:石狩郡新篠津村","イシカリグンシンシノツムラ"
"01331:松前郡松前町","マツマエグンマツマエチョウ"
"01332:松前郡福島町","マツマエグンフクシマチョウ"
"01333:上磯郡知内町","カミイソグンシリウチチョウ"
"01334:上磯郡木古内町","カミイソグンキコナイチョウ"
"01337:亀田郡七飯町","カメダグンナナエチョウ"
"01343:茅部郡鹿部町","カヤベグンシカベチョウ"
"01345:茅部郡森町","カヤベグンモリマチ"
"01346:二海郡八雲町","フタミグンヤクモチョウ"
"01347:山越郡長万部町","ヤマコシグンオシャマンベチョウ"
"01361:檜山郡江差町","ヒヤマグンエサシチョウ"
"01362:檜山郡上ノ国町","ヒヤマグンカミノクニチョウ"
"01363:檜山郡厚沢部町","ヒヤマグンアッサブチョウ"
"01364:爾志郡乙部町","ニシグンオトベチョウ"
"01367:奥尻郡奥尻町","オクシリグンオクシリチョウ"
"01370:瀬棚郡今金町","セタナグンイマカネチョウ"
"01371:久遠郡せたな町","クドウグンセタナチョウ"
"01391:島牧郡島牧村","シママキグンシママキムラ"
"01392:寿都郡寿都町","スッツグンスッツチョウ"
"01393:寿都郡黒松内町","スッツグンクロマツナイチョウ"
"01394:磯谷郡蘭越町","イソヤグンランコシチョウ"
"01395:虻田郡ニセコ町","アブタグンニセコチョウ"
"01396:虻田郡真狩村","アブタグンマッカリムラ"
"01397:虻田郡留寿都村","アブタグンルスツムラ"
"01398:虻田郡喜茂別町","アブタグンキモベツチョウ"
"01399:虻田郡京極町","アブタグンキョウゴクチョウ"
"01400:虻田郡倶知安町","アブタグンクッチャンチョウ"
"01401:岩内郡共和町","イワナイグンキョウワチョウ"
"01402:岩内郡岩内町","イワナイグンイワナイチョウ"
"01403:古宇郡泊村","フルウグントマリムラ"
"01404:古宇郡神恵内村","フルウグンカモエナイムラ"
"01405:積丹郡積丹町","シャコタングンシャコタンチョウ"
"01406:古平郡古平町","フルビラグンフルビラチョウ"
"01407:余市郡仁木町","ヨイチグンニキチョウ"
"01408:余市郡余市町","ヨイチグンヨイチチョウ"
"01409:余市郡赤井川村","ヨイチグンアカイガワムラ"
"01423:空知郡南幌町","ソラチグンナンポロチョウ"
"01424:空知郡奈井江町","ソラチグンナイエチョウ"
"01425:空知郡上砂川町","ソラチグンカミスナガワチョウ"
"01427:夕張郡由仁町","ユウバリグンユニチョウ"
"01428:夕張郡長沼町","ユウバリグンナガヌマチョウ"
"01429:夕張郡栗山町","ユウバリグンクリヤマチョウ"
"01430:樺戸郡月形町","カバトグンツキガタチョウ"
"01431:樺戸郡浦臼町","カバトグンウラウスチョウ"
"01432:樺戸郡新十津川町","カバトグンシントツカワチョウ"
"01433:雨竜郡妹背牛町","ウリュウグンモセウシチョウ"
"01434:雨竜郡秩父別町","ウリュウグンチップベツチョウ"
"01436:雨竜郡雨竜町","ウリュウグンウリュウチョウ"
"01437:雨竜郡北竜町","ウリュウグンホクリュウチョウ"
"01438:雨竜郡沼田町","ウリュウグンヌマタチョウ"
"01452:上川郡鷹栖町","カミカワグンタカスチョウ"
"01453:上川郡東神楽町","カミカワグンヒガシカグラチョウ"
"01454:上川郡当麻町","カミカワグントウマチョウ"
"01455:上川郡比布町","カミカワグンピップチョウ"
"01456:上川郡愛別町","カミカワグンアイベツチョウ"
"01457:上川郡上川町","カミカワグンカミカワチョウ"
"01458:上川郡東川町","カミカワグンヒガシカワチョウ"
"01459:上川郡美瑛町","カミカワグンビエイチョウ"
"01460:空知郡上富良野町","ソラチグンカミフラノチョウ"
"01461:空知郡中富良野町","ソラチグンナカフラノチョウ"
"01462:空知郡南富良野町","ソラチグンミナミフラノチョウ"
"01463:勇払郡占冠村","ユウフツグンシムカップムラ"
"01464:上川郡和寒町","カミカワグンワッサムチョウ"
"01465:上川郡剣淵町","カミカワグンケンブチチョウ"
"01468:上川郡下川町","カミカワグンシモカワチョウ"
"01469:中川郡美深町","ナカガワグンビフカチョウ"
"01470:中川郡音威子府村","ナカガワグンオトイネップムラ"
"01471:中川郡中川町","ナカガワグンナカガワチョウ"
"01472:雨竜郡幌加内町","ウリュウグンホロカナイチョウ"
"01481:増毛郡増毛町","マシケグンマシケチョウ"
"01482:留萌郡小平町","ルモイグンオビラチョウ"
"01483:苫前郡苫前町","トママエグントママエチョウ"
"01484:苫前郡羽幌町","トママエグンハボロチョウ"
"01485:苫前郡初山別村","トママエグンショサンベツムラ"
"01486:天塩郡遠別町","テシオグンエンベツチョウ"
"01487:天塩郡天塩町","テシオグンテシオチョウ"
"01511:宗谷郡猿払村","ソウヤグンサルフツムラ"
"01512:枝幸郡浜頓別町","エサシグンハマトンベツチョウ"
"01513:枝幸郡中頓別町","エサシグンナカトンベツチョウ"
"01514:枝幸郡枝幸町","エサシグンエサシチョウ"
"01516:天塩郡豊富町","テシオグントヨトミチョウ"
"01517:礼文郡礼文町","レブングンレブンチョウ"
"01518:利尻郡利尻町","リシリグンリシリチョウ"
"01519:利尻郡利尻富士町","リシリグンリシリフジチョウ"
"01520:天塩郡幌延町","テシオグンホロノベチョウ"
"01543:網走郡美幌町","アバシリグンビホロチョウ"
"01544:網走郡津別町","アバシリグンツベツチョウ"
"01545:斜里郡斜里町","シャリグンシャリチョウ"
"01546:斜里郡清里町","シャリグンキヨサトチョウ"
"01547:斜里郡小清水町","シャリグンコシミズチョウ"
"01549:常呂郡訓子府町","トコログンクンネップチョウ"
"01550:常呂郡置戸町","トコログンオケトチョウ"
"01552:常呂郡佐呂間町","トコログンサロマチョウ"
"01555:紋別郡遠軽町","モンベツグンエンガルチョウ"
"01559:紋別郡湧別町","モンベツグンユウベツチョウ"
"01560:紋別郡滝上町","モンベツグンタキノウエチョウ"
"01561:紋別郡興部町","モンベツグンオコッペチョウ"
"01562:紋別郡西興部村","モンベツグンニシオコッペムラ"
"01563:紋別郡雄武町","モンベツグンオウムチョウ"
"01564:網走郡大空町","アバシリグンオオゾラチョウ"
"01571:虻田郡豊浦町","アブタグントヨウラチョウ"
"01575:有珠郡壮瞥町","ウスグンソウベツチョウ"
"01578:白老郡白老町","シラオイグンシラオイチョウ"
"01581:勇払郡厚真町","ユウフツグンアツマチョウ"
"01584:虻田郡洞爺湖町","アブタグントウヤコチョウ"
"01585:勇払郡安平町","ユウフツグンアビラチョウ"
"01586:勇払郡むかわ町","ユウフツグンムカワチョウ"
"01601:沙流郡日高町","サルグンヒダカチョウ"
"01602:沙流郡平取町","サルグンビラトリチョウ"
"01604:新冠郡新冠町","ニイカップグンニイカップチョウ"
"01607:浦河郡浦河町","ウラカワグンウラカワチョウ"
"01608:様似郡様似町","サマニグンサマニチョウ"
"01609:幌泉郡えりも町","ホロイズミグンエリモチョウ"
"01610:日高郡新ひだか町","ヒダカグンシンヒダカチョウ"
"01631:河東郡音更町","カトウグンオトフケチョウ"
"01632:河東郡士幌町","カトウグンシホロチョウ"
"01633:河東郡上士幌町","カトウグンカミシホロチョウ"
"01634:河東郡鹿追町","カトウグンシカオイチョウ"
"01635:上川郡新得町","カミカワグンシントクチョウ"
"01636:上川郡清水町","カミカワグンシミズチョウ"
"01637:河西郡芽室町","カサイグンメムロチョウ"
"01638:河西郡中札内村","カサイグンナカサツナイムラ"
"01639:河西郡更別村","カサイグンサラベツムラ"
"01641:広尾郡大樹町","ヒロオグンタイキチョウ"
"01642:広尾郡広尾町","ヒロオグンヒロオチョウ"
"01643:中川郡幕別町","ナカガワグンマクベツチョウ"
"01644:中川郡池田町","ナカガワグンイケダチョウ"
"01645:中川郡豊頃町","ナカガワグントヨコロチョウ"
"01646:中川郡本別町","ナカガワグンホンベツチョウ"
"01647:足寄郡足寄町","アショログンアショロチョウ"
"01648:足寄郡陸別町","アショログンリクベツチョウ"
"01649:十勝郡浦幌町","トカチグンウラホロチョウ"
"01661:釧路郡釧路町","クシログンクシロチョウ"
"01662:厚岸郡厚岸町","アッケシグンアッケシチョウ"
"01663:厚岸郡浜中町","アッケシグンハマナカチョウ"
"01664:川上郡標茶町","カワカミグンシベチャチョウ"
"01665:川上郡弟子屈町","カワカミグンテシカガチョウ"
"01667:阿寒郡鶴居村","アカングンツルイムラ"
"01668:白糠郡白糠町","シラヌカグンシラヌカチョウ"
"01691:野付郡別海町","ノツケグンベツカイチョウ"
"01692:標津郡中標津町","シベツグンナカシベツチョウ"
"01693:標津郡標津町","シベツグンシベツチョウ"
"01694:目梨郡羅臼町","メナシグンラウスチョウ"
"02201:青森市","アオモリシ"
"02202:弘前市","ヒロサキシ"
"02203:八戸市","ハチノヘシ"
"02204:黒石市","クロイシシ"
"02205:五所川原市","ゴショガワラシ"
"02206:十和田市","トワダシ"
"02207:三沢市","ミサワシ"
"02208:むつ市","ムツシ"
"02209:つがる市","ツガルシ"
"02210:平川市","ヒラカワシ"
"02301:東津軽郡平内町","ヒガシツガルグンヒラナイマチ"
"02303:東津軽郡今別町","ヒガシツガルグンイマベツマチ"
"02304:東津軽郡蓬田村","ヒガシツガルグンヨモギタムラ"
"02307:東津軽郡外ヶ浜町","ヒガシツガルグンソトガハママチ"
"02321:西津軽郡鰺ヶ沢町","ニシツガルグンアジガサワマチ"
"02323:西津軽郡深浦町","ニシツガルグンフカウラマチ"
"02343:中津軽郡西目屋村","ナカツガルグンニシメヤムラ"
"02361:南津軽郡藤崎町","ミナミツガルグンフジサキマチ"
"02362:南津軽郡大鰐町","ミナミツガルグンオオワニマチ"
"02367:南津軽郡田舎館村","ミナミツガルグンイナカダテムラ"
"02381:北津軽郡板柳町","キタツガルグンイタヤナギマチ"
"02384:北津軽郡鶴田町","キタツガルグンツルタマチ"
"02387:北津軽郡中泊町","キタツガルグンナカドマリマチ"
"02401:上北郡野辺地町","カミキタグンノヘジマチ"
"02402:上北郡七戸町","カミキタグンシチノヘマチ"
"02405:上北郡六戸町","カミキタグンロクノヘマチ"
"02406:上北郡横浜町","カミキタグンヨコハママチ"
"02408:上北郡東北町","カミキタグントウホクマチ"
"02411:上北郡六ヶ所村","カミキタグンロッカショムラ"
"02412:上北郡おいらせ町","カミキタグンオイラセチョウ"
"02423:下北郡大間町","シモキタグンオオママチ"
"02424:下北郡東通村","シモキタグンヒガシドオリムラ"
"02425:下北郡風間浦村","シモキタグンカザマウラムラ"
"02426:下北郡佐井村","シモキタグンサイムラ"
"02441:三戸郡三戸町","サンノヘグンサンノヘマチ"
"02442:三戸郡五戸町","サンノヘグンゴノヘマチ"
"02443:三戸郡田子町","サンノヘグンタッコマチ"
"02445:三戸郡南部町","サンノヘグンナンブチョウ"
"02446:三戸郡階上町","サンノヘグンハシカミチョウ"
"02450:三戸郡新郷村","サンノヘグンシンゴウムラ"
"03201:盛岡市","モリオカシ"
"03202:宮古市","ミヤコシ"
"03203:大船渡市","オオフナトシ"
"03205:花巻市","ハナマキシ"
"03206:北上市","キタカミシ"
"03207:久慈市","クジシ"
"03208:遠野市","トオノシ"
"03209:一関市","イチノセキシ"
"03210:陸前高田市","リクゼンタカタシ"
"03211:釜石市","カマイシシ"
"03213:二戸市","ニノヘシ"
"03214:八幡平市","ハチマンタイシ"
"03215:奥州市","オウシュウシ"
"03301:岩手郡雫石町","イワテグンシズクイシチョウ"
"03302:岩手郡葛巻町","イワテグンクズマキマチ"
"03303:岩手郡岩手町","イワテグンイワテマチ"
"03305:岩手郡滝沢村","イワテグンタキザワムラ"
"03321:紫波郡紫波町","シワグンシワチョウ"
"03322:紫波郡矢巾町","シワグンヤハバチョウ"
"03366:和賀郡西和賀町","ワガグンニシワガマチ"
"03381:胆沢郡金ケ崎町","イサワグンカネガサキチョウ"
"03402:西磐井郡平泉町","ニシイワイグンヒライズミチョウ"
"03422:東磐井郡藤沢町","ヒガシイワイグンフジサワチョウ"
"03441:気仙郡住田町","ケセングンスミタチョウ"
"03461:上閉伊郡大槌町","カミヘイグンオオツチチョウ"
"03482:下閉伊郡山田町","シモヘイグンヤマダマチ"
"03483:下閉伊郡岩泉町","シモヘイグンイワイズミチョウ"
"03484:下閉伊郡田野畑村","シモヘイグンタノハタムラ"
"03485:下閉伊郡普代村","シモヘイグンフダイムラ"
"03501:九戸郡軽米町","クノヘグンカルマイマチ"
"03503:九戸郡野田村","クノヘグンノダムラ"
"03506:九戸郡九戸村","クノヘグンクノヘムラ"
"03507:九戸郡洋野町","クノヘグンヒロノチョウ"
"03524:二戸郡一戸町","ニノヘグンイチノヘマチ"
"04101:仙台市青葉区","センダイシアオバク"
"04102:仙台市宮城野区","センダイシミヤギノク"
"04103:仙台市若林区","センダイシワカバヤシク"
"04104:仙台市太白区","センダイシタイハクク"
"04105:仙台市泉区","センダイシイズミク"
"04202:石巻市","イシノマキシ"
"04203:塩竈市","シオガマシ"
"04205:気仙沼市","ケセンヌマシ"
"04206:白石市","シロイシシ"
"04207:名取市","ナトリシ"
"04208:角田市","カクダシ"
"04209:多賀城市","タガジョウシ"
"04211:岩沼市","イワヌマシ"
"04212:登米市","トメシ"
"04213:栗原市","クリハラシ"
"04214:東松島市","ヒガシマツシマシ"
"04215:大崎市","オオサキシ"
"04301:刈田郡蔵王町","カッタグンザオウマチ"
"04302:刈田郡七ヶ宿町","カッタグンシチカシュクマチ"
"04321:柴田郡大河原町","シバタグンオオガワラマチ"
"04322:柴田郡村田町","シバタグンムラタマチ"
"04323:柴田郡柴田町","シバタグンシバタマチ"
"04324:柴田郡川崎町","シバタグンカワサキマチ"
"04341:伊具郡丸森町","イググンマルモリマチ"
"04361:亘理郡亘理町","ワタリグンワタリチョウ"
"04362:亘理郡山元町","ワタリグンヤマモトチョウ"
"04401:宮城郡松島町","ミヤギグンマツシママチ"
"04404:宮城郡七ヶ浜町","ミヤギグンシチガハママチ"
"04406:宮城郡利府町","ミヤギグンリフチョウ"
"04421:黒川郡大和町","クロカワグンタイワチョウ"
"04422:黒川郡大郷町","クロカワグンオオサトチョウ"
"04423:黒川郡富谷町","クロカワグントミヤマチ"
"04424:黒川郡大衡村","クロカワグンオオヒラムラ"
"04444:加美郡色麻町","カミグンシカマチョウ"
"04445:加美郡加美町","カミグンカミマチ"
"04501:遠田郡涌谷町","トオダグンワクヤチョウ"
"04505:遠田郡美里町","トオダグンミサトマチ"
"04581:牡鹿郡女川町","オシカグンオナガワチョウ"
"04606:本吉郡南三陸町","モトヨシグンミナミサンリクチョウ"
"05201:秋田市","アキタシ"
"05202:能代市","ノシロシ"
"05203:横手市","ヨコテシ"
"05204:大館市","オオダテシ"
"05206:男鹿市","オガシ"
"05207:湯沢市","ユザワシ"
"05209:鹿角市","カヅノシ"
"05210:由利本荘市","ユリホンジョウシ"
"05211:潟上市","カタガミシ"
"05212:大仙市","ダイセンシ"
"05213:北秋田市","キタアキタシ"
"05214:にかほ市","ニカホシ"
"05215:仙北市","センボクシ"
"05303:鹿角郡小坂町","カヅノグンコサカマチ"
"05327:北秋田郡上小阿仁村","キタアキタグンカミコアニムラ"
"05346:山本郡藤里町","ヤマモトグンフジサトマチ"
"05348:山本郡三種町","ヤマモトグンミタネチョウ"
"05349:山本郡八峰町","ヤマモトグンハッポウチョウ"
"05361:南秋田郡五城目町","ミナミアキタグンゴジョウメマチ"
"05363:南秋田郡八郎潟町","ミナミアキタグンハチロウガタマチ"
"05366:南秋田郡井川町","ミナミアキタグンイカワマチ"
"05368:南秋田郡大潟村","ミナミアキタグンオオガタムラ"
"05434:仙北郡美郷町","センボクグンミサトチョウ"
"05463:雄勝郡羽後町","オガチグンウゴマチ"
"05464:雄勝郡東成瀬村","オガチグンヒガシナルセムラ"
"06201:山形市","ヤマガタシ"
"06202:米沢市","ヨネザワシ"
"06203:鶴岡市","ツルオカシ"
"06204:酒田市","サカタシ"
"06205:新庄市","シンジョウシ"
"06206:寒河江市","サガエシ"
"06207:上山市","カミノヤマシ"
"06208:村山市","ムラヤマシ"
"06209:長井市","ナガイシ"
"06210:天童市","テンドウシ"
"06211:東根市","ヒガシネシ"
"06212:尾花沢市","オバナザワシ"
"06213:南陽市","ナンヨウシ"
"06301:東村山郡山辺町","ヒガシムラヤマグンヤマノベマチ"
"06302:東村山郡中山町","ヒガシムラヤマグンナカヤママチ"
"06321:西村山郡河北町","ニシムラヤマグンカホクチョウ"
"06322:西村山郡西川町","ニシムラヤマグンニシカワマチ"
"06323:西村山郡朝日町","ニシムラヤマグンアサヒマチ"
"06324:西村山郡大江町","ニシムラヤマグンオオエマチ"
"06341:北村山郡大石田町","キタムラヤマグンオオイシダマチ"
"06361:最上郡金山町","モガミグンカネヤママチ"
"06362:最上郡最上町","モガミグンモガミマチ"
"06363:最上郡舟形町","モガミグンフナガタマチ"
"06364:最上郡真室川町","モガミグンマムロガワマチ"
"06365:最上郡大蔵村","モガミグンオオクラムラ"
"06366:最上郡鮭川村","モガミグンサケガワムラ"
"06367:最上郡戸沢村","モガミグントザワムラ"
"06381:東置賜郡高畠町","ヒガシオキタマグンタカハタマチ"
"06382:東置賜郡川西町","ヒガシオキタマグンカワニシマチ"
"06401:西置賜郡小国町","ニシオキタマグンオグニマチ"
"06402:西置賜郡白鷹町","ニシオキタマグンシラタカマチ"
"06403:西置賜郡飯豊町","ニシオキタマグンイイデマチ"
"06426:東田川郡三川町","ヒガシタガワグンミカワマチ"
"06428:東田川郡庄内町","ヒガシタガワグンショウナイマチ"
"06461:飽海郡遊佐町","アクミグンユザマチ"
"07201:福島市","フクシマシ"
"07202:会津若松市","アイヅワカマツシ"
"07203:郡山市","コオリヤマシ"
"07204:いわき市","イワキシ"
"07205:白河市","シラカワシ"
"07207:須賀川市","スカガワシ"
"07208:喜多方市","キタカタシ"
"07209:相馬市","ソウマシ"
"07210:二本松市","ニホンマツシ"
"07211:田村市","タムラシ"
"07212:南相馬市","ミナミソウマシ"
"07213:伊達市","ダテシ"
"07214:本宮市","モトミヤシ"
"07301:伊達郡桑折町","ダテグンコオリマチ"
"07303:伊達郡国見町","ダテグンクニミマチ"
"07308:伊達郡川俣町","ダテグンカワマタマチ"
"07322:安達郡大玉村","アダチグンオオタマムラ"
"07342:岩瀬郡鏡石町","イワセグンカガミイシマチ"
"07344:岩瀬郡天栄村","イワセグンテンエイムラ"
"07362:南会津郡下郷町","ミナミアイヅグンシモゴウマチ"
"07364:南会津郡檜枝岐村","ミナミアイヅグンヒノエマタムラ"
"07367:南会津郡只見町","ミナミアイヅグンタダミマチ"
"07368:南会津郡南会津町","ミナミアイヅグンミナミアイヅマチ"
"07402:耶麻郡北塩原村","ヤマグンキタシオバラムラ"
"07405:耶麻郡西会津町","ヤマグンニシアイヅマチ"
"07407:耶麻郡磐梯町","ヤマグンバンダイマチ"
"07408:耶麻郡猪苗代町","ヤマグンイナワシロマチ"
"07421:河沼郡会津坂下町","カワヌマグンアイヅバンゲマチ"
"07422:河沼郡湯川村","カワヌマグンユガワムラ"
"07423:河沼郡柳津町","カワヌマグンヤナイヅマチ"
"07444:大沼郡三島町","オオヌマグンミシママチ"
"07445:大沼郡金山町","オオヌマグンカネヤママチ"
"07446:大沼郡昭和村","オオヌマグンショウワムラ"
"07447:大沼郡会津美里町","オオヌマグンアイヅミサトマチ"
"07461:西白河郡西郷村","ニシシラカワグンニシゴウムラ"
"07464:西白河郡泉崎村","ニシシラカワグンイズミザキムラ"
"07465:西白河郡中島村","ニシシラカワグンナカジマムラ"
"07466:西白河郡矢吹町","ニシシラカワグンヤブキマチ"
"07481:東白川郡棚倉町","ヒガシシラカワグンタナグラマチ"
"07482:東白川郡矢祭町","ヒガシシラカワグンヤマツリマチ"
"07483:東白川郡塙町","ヒガシシラカワグンハナワマチ"
"07484:東白川郡鮫川村","ヒガシシラカワグンサメガワムラ"
"07501:石川郡石川町","イシカワグンイシカワマチ"
"07502:石川郡玉川村","イシカワグンタマカワムラ"
"07503:石川郡平田村","イシカワグンヒラタムラ"
"07504:石川郡浅川町","イシカワグンアサカワマチ"
"07505:石川郡古殿町","イシカワグンフルドノマチ"
"07521:田村郡三春町","タムラグンミハルマチ"
"07522:田村郡小野町","タムラグンオノマチ"
"07541:双葉郡広野町","フタバグンヒロノマチ"
"07542:双葉郡楢葉町","フタバグンナラハマチ"
"07543:双葉郡富岡町","フタバグントミオカマチ"
"07544:双葉郡川内村","フタバグンカワウチムラ"
"07545:双葉郡大熊町","フタバグンオオクママチ"
"07546:双葉郡双葉町","フタバグンフタバマチ"
"07547:双葉郡浪江町","フタバグンナミエマチ"
"07548:双葉郡葛尾村","フタバグンカツラオムラ"
"07561:相馬郡新地町","ソウマグンシンチマチ"
"07564:相馬郡飯舘村","ソウマグンイイタテムラ"
"08201:水戸市","ミトシ"
"08202:日立市","ヒタチシ"
"08203:土浦市","ツチウラシ"
"08204:古河市","コガシ"
"08205:石岡市","イシオカシ"
"08207:結城市","ユウキシ"
"08208:龍ケ崎市","リュウガサキシ"
"08210:下妻市","シモツマシ"
"08211:常総市","ジョウソウシ"
"08212:常陸太田市","ヒタチオオタシ"
"08214:高萩市","タカハギシ"
"08215:北茨城市","キタイバラキシ"
"08216:笠間市","カサマシ"
"08217:取手市","トリデシ"
"08219:牛久市","ウシクシ"
"08220:つくば市","ツクバシ"
"08221:ひたちなか市","ヒタチナカシ"
"08222:鹿嶋市","カシマシ"
"08223:潮来市","イタコシ"
"08224:守谷市","モリヤシ"
"08225:常陸大宮市","ヒタチオオミヤシ"
"08226:那珂市","ナカシ"
"08227:筑西市","チクセイシ"
"08228:坂東市","バンドウシ"
"08229:稲敷市","イナシキシ"
"08230:かすみがうら市","カスミガウラシ"
"08231:桜川市","サクラガワシ"
"08232:神栖市","カミスシ"
"08233:行方市","ナメガタシ"
"08234:鉾田市","ホコタシ"
"08235:つくばみらい市","ツクバミライシ"
"08236:小美玉市","オミタマシ"
"08302:東茨城郡茨城町","ヒガシイバラキグンイバラキマチ"
"08309:東茨城郡大洗町","ヒガシイバラキグンオオアライマチ"
"08310:東茨城郡城里町","ヒガシイバラキグンシロサトマチ"
"08341:那珂郡東海村","ナカグントウカイムラ"
"08364:久慈郡大子町","クジグンダイゴマチ"
"08442:稲敷郡美浦村","イナシキグンミホムラ"
"08443:稲敷郡阿見町","イナシキグンアミマチ"
"08447:稲敷郡河内町","イナシキグンカワチマチ"
"08521:結城郡八千代町","ユウキグンヤチヨマチ"
"08542:猿島郡五霞町","サシマグンゴカマチ"
"08546:猿島郡境町","サシマグンサカイマチ"
"08564:北相馬郡利根町","キタソウマグントネマチ"
"09201:宇都宮市","ウツノミヤシ"
"09202:足利市","アシカガシ"
"09203:栃木市","トチギシ"
"09204:佐野市","サノシ"
"09205:鹿沼市","カヌマシ"
"09206:日光市","ニッコウシ"
"09208:小山市","オヤマシ"
"09209:真岡市","モオカシ"
"09210:大田原市","オオタワラシ"
"09211:矢板市","ヤイタシ"
"09213:那須塩原市","ナスシオバラシ"
"09214:さくら市","サクラシ"
"09215:那須烏山市","ナスカラスヤマシ"
"09216:下野市","シモツケシ"
"09301:河内郡上三川町","カワチグンカミノカワマチ"
"09321:上都賀郡西方町","カミツガグンニシカタマチ"
"09342:芳賀郡益子町","ハガグンマシコマチ"
"09343:芳賀郡茂木町","ハガグンモテギマチ"
"09344:芳賀郡市貝町","ハガグンイチカイマチ"
"09345:芳賀郡芳賀町","ハガグンハガマチ"
"09361:下都賀郡壬生町","シモツガグンミブマチ"
"09364:下都賀郡野木町","シモツガグンノギマチ"
"09367:下都賀郡岩舟町","シモツガグンイワフネマチ"
"09384:塩谷郡塩谷町","シオヤグンシオヤマチ"
"09386:塩谷郡高根沢町","シオヤグンタカネザワマチ"
"09407:那須郡那須町","ナスグンナスマチ"
"09411:那須郡那珂川町","ナスグンナカガワマチ"
"10201:前橋市","マエバシシ"
"10202:高崎市","タカサキシ"
"10203:桐生市","キリュウシ"
"10204:伊勢崎市","イセサキシ"
"10205:太田市","オオタシ"
"10206:沼田市","ヌマタシ"
"10207:館林市","タテバヤシシ"
"10208:渋川市","シブカワシ"
"10209:藤岡市","フジオカシ"
"10210:富岡市","トミオカシ"
"10211:安中市","アンナカシ"
"10212:みどり市","ミドリシ"
"10344:北群馬郡榛東村","キタグンマグンシントウムラ"
"10345:北群馬郡吉岡町","キタグンマグンヨシオカマチ"
"10366:多野郡上野村","タノグンウエノムラ"
"10367:多野郡神流町","タノグンカンナマチ"
"10382:甘楽郡下仁田町","カンラグンシモニタマチ"
"10383:甘楽郡南牧村","カンラグンナンモクムラ"
"10384:甘楽郡甘楽町","カンラグンカンラマチ"
"10421:吾妻郡中之条町","アガツマグンナカノジョウマチ"
"10424:吾妻郡長野原町","アガツマグンナガノハラマチ"
"10425:吾妻郡嬬恋村","アガツマグンツマゴイムラ"
"10426:吾妻郡草津町","アガツマグンクサツマチ"
"10428:吾妻郡高山村","アガツマグンタカヤマムラ"
"10429:吾妻郡東吾妻町","アガツマグンヒガシアガツママチ"
"10443:利根郡片品村","トネグンカタシナムラ"
"10444:利根郡川場村","トネグンカワバムラ"
"10448:利根郡昭和村","トネグンショウワムラ"
"10449:利根郡みなかみ町","トネグンミナカミマチ"
"10464:佐波郡玉村町","サワグンタマムラマチ"
"10521:邑楽郡板倉町","オウラグンイタクラマチ"
"10522:邑楽郡明和町","オウラグンメイワマチ"
"10523:邑楽郡千代田町","オウラグンチヨダマチ"
"10524:邑楽郡大泉町","オウラグンオオイズミマチ"
"10525:邑楽郡邑楽町","オウラグンオウラマチ"
"11101:さいたま市西区","サイタマシニシク"
"11102:さいたま市北区","サイタマシキタク"
"11103:さいたま市大宮区","サイタマシオオミヤク"
"11104:さいたま市見沼区","サイタマシミヌマク"
"11105:さいたま市中央区","サイタマシチュウオウク"
"11106:さいたま市桜区","サイタマシサクラク"
"11107:さいたま市浦和区","サイタマシウラワク"
"11108:さいたま市南区","サイタマシミナミク"
"11109:さいたま市緑区","サイタマシミドリク"
"11110:さいたま市岩槻区","サイタマシイワツキク"
"11201:川越市","カワゴエシ"
"11202:熊谷市","クマガヤシ"
"11203:川口市","カワグチシ"
"11206:行田市","ギョウダシ"
"11207:秩父市","チチブシ"
"11208:所沢市","トコロザワシ"
"11209:飯能市","ハンノウシ"
"11210:加須市","カゾシ"
"11211:本庄市","ホンジョウシ"
"11212:東松山市","ヒガシマツヤマシ"
"11214:春日部市","カスカベシ"
"11215:狭山市","サヤマシ"
"11216:羽生市","ハニュウシ"
"11217:鴻巣市","コウノスシ"
"11218:深谷市","フカヤシ"
"11219:上尾市","アゲオシ"
"11221:草加市","ソウカシ"
"11222:越谷市","コシガヤシ"
"11223:蕨市","ワラビシ"
"11224:戸田市","トダシ"
"11225:入間市","イルマシ"
"11226:鳩ヶ谷市","ハトガヤシ"
"11227:朝霞市","アサカシ"
"11228:志木市","シキシ"
"11229:和光市","ワコウシ"
"11230:新座市","ニイザシ"
"11231:桶川市","オケガワシ"
"11232:久喜市","クキシ"
"11233:北本市","キタモトシ"
"11234:八潮市","ヤシオシ"
"11235:富士見市","フジミシ"
"11237:三郷市","ミサトシ"
"11238:蓮田市","ハスダシ"
"11239:坂戸市","サカドシ"
"11240:幸手市","サッテシ"
"11241:鶴ヶ島市","ツルガシマシ"
"11242:日高市","ヒダカシ"
"11243:吉川市","ヨシカワシ"
"11245:ふじみ野市","フジミノシ"
"11301:北足立郡伊奈町","キタアダチグンイナマチ"
"11324:入間郡三芳町","イルマグンミヨシマチ"
"11326:入間郡毛呂山町","イルマグンモロヤママチ"
"11327:入間郡越生町","イルマグンオゴセマチ"
"11341:比企郡滑川町","ヒキグンナメガワマチ"
"11342:比企郡嵐山町","ヒキグンランザンマチ"
"11343:比企郡小川町","ヒキグンオガワマチ"
"11346:比企郡川島町","ヒキグンカワジママチ"
"11347:比企郡吉見町","ヒキグンヨシミマチ"
"11348:比企郡鳩山町","ヒキグンハトヤママチ"
"11349:比企郡ときがわ町","ヒキグントキガワマチ"
"11361:秩父郡横瀬町","チチブグンヨコゼマチ"
"11362:秩父郡皆野町","チチブグンミナノマチ"
"11363:秩父郡長瀞町","チチブグンナガトロマチ"
"11365:秩父郡小鹿野町","チチブグンオガノマチ"
"11369:秩父郡東秩父村","チチブグンヒガシチチブムラ"
"11381:児玉郡美里町","コダマグンミサトマチ"
"11383:児玉郡神川町","コダマグンカミカワマチ"
"11385:児玉郡上里町","コダマグンカミサトマチ"
"11408:大里郡寄居町","オオサトグンヨリイマチ"
"11442:南埼玉郡宮代町","ミナミサイタマグンミヤシロマチ"
"11445:南埼玉郡白岡町","ミナミサイタマグンシラオカマチ"
"11464:北葛飾郡杉戸町","キタカツシカグンスギトマチ"
"11465:北葛飾郡松伏町","キタカツシカグンマツブシマチ"
"12101:千葉市中央区","チバシチュウオウク"
"12102:千葉市花見川区","チバシハナミガワク"
"12103:千葉市稲毛区","チバシイナゲク"
"12104:千葉市若葉区","チバシワカバク"
"12105:千葉市緑区","チバシミドリク"
"12106:千葉市美浜区","チバシミハマク"
"12202:銚子市","チョウシシ"
"12203:市川市","イチカワシ"
"12204:船橋市","フナバシシ"
"12205:館山市","タテヤマシ"
"12206:木更津市","キサラヅシ"
"12207:松戸市","マツドシ"
"12208:野田市","ノダシ"
"12210:茂原市","モバラシ"
"12211:成田市","ナリタシ"
"12212:佐倉市","サクラシ"
"12213:東金市","トウガネシ"
"12215:旭市","アサヒシ"
"12216:習志野市","ナラシノシ"
"12217:柏市","カシワシ"
"12218:勝浦市","カツウラシ"
"12219:市原市","イチハラシ"
"12220:流山市","ナガレヤマシ"
"12221:八千代市","ヤチヨシ"
"12222:我孫子市","アビコシ"
"12223:鴨川市","カモガワシ"
"12224:鎌ケ谷市","カマガヤシ"
"12225:君津市","キミツシ"
"12226:富津市","フッツシ"
"12227:浦安市","ウラヤスシ"
"12228:四街道市","ヨツカイドウシ"
"12229:袖ケ浦市","ソデガウラシ"
"12230:八街市","ヤチマタシ"
"12231:印西市","インザイシ"
"12232:白井市","シロイシ"
"12233:富里市","トミサトシ"
"12234:南房総市","ミナミボウソウシ"
"12235:匝瑳市","ソウサシ"
"12236:香取市","カトリシ"
"12237:山武市","サンムシ"
"12238:いすみ市","イスミシ"
"12322:印旛郡酒々井町","インバグンシスイマチ"
"12329:印旛郡栄町","インバグンサカエマチ"
"12342:香取郡神崎町","カトリグンコウザキマチ"
"12347:香取郡多古町","カトリグンタコマチ"
"12349:香取郡東庄町","カトリグントウノショウマチ"
"12402:山武郡大網白里町","サンブグンオオアミシラサトマチ"
"12403:山武郡九十九里町","サンブグンクジュウクリマチ"
"12409:山武郡芝山町","サンブグンシバヤママチ"
"12410:山武郡横芝光町","サンブグンヨコシバヒカリマチ"
"12421:長生郡一宮町","チョウセイグンイチノミヤマチ"
"12422:長生郡睦沢町","チョウセイグンムツザワマチ"
"12423:長生郡長生村","チョウセイグンチョウセイムラ"
"12424:長生郡白子町","チョウセイグンシラコマチ"
"12426:長生郡長柄町","チョウセイグンナガラマチ"
"12427:長生郡長南町","チョウセイグンチョウナンマチ"
"12441:夷隅郡大多喜町","イスミグンオオタキマチ"
"12443:夷隅郡御宿町","イスミグンオンジュクマチ"
"12463:安房郡鋸南町","アワグンキョナンマチ"
"13101:千代田区","チヨダク"
"13102:中央区","チュウオウク"
"13103:港区","ミナトク"
"13104:新宿区","シンジュクク"
"13105:文京区","ブンキョウク"
"13106:台東区","タイトウク"
"13107:墨田区","スミダク"
"13108:江東区","コウトウク"
"13109:品川区","シナガワク"
"13110:目黒区","メグロク"
"13111:大田区","オオタク"
"13112:世田谷区","セタガヤク"
"13113:渋谷区","シブヤク"
"13114:中野区","ナカノク"
"13115:杉並区","スギナミク"
"13116:豊島区","トシマク"
"13117:北区","キタク"
"13118:荒川区","アラカワク"
"13119:板橋区","イタバシク"
"13120:練馬区","ネリマク"
"13121:足立区","アダチク"
"13122:葛飾区","カツシカク"
"13123:江戸川区","エドガワク"
"13201:八王子市","ハチオウジシ"
"13202:立川市","タチカワシ"
"13203:武蔵野市","ムサシノシ"
"13204:三鷹市","ミタカシ"
"13205:青梅市","オウメシ"
"13206:府中市","フチュウシ"
"13207:昭島市","アキシマシ"
"13208:調布市","チョウフシ"
"13209:町田市","マチダシ"
"13210:小金井市","コガネイシ"
"13211:小平市","コダイラシ"
"13212:日野市","ヒノシ"
"13213:東村山市","ヒガシムラヤマシ"
"13214:国分寺市","コクブンジシ"
"13215:国立市","クニタチシ"
"13218:福生市","フッサシ"
"13219:狛江市","コマエシ"
"13220:東大和市","ヒガシヤマトシ"
"13221:清瀬市","キヨセシ"
"13222:東久留米市","ヒガシクルメシ"
"13223:武蔵村山市","ムサシムラヤマシ"
"13224:多摩市","タマシ"
"13225:稲城市","イナギシ"
"13227:羽村市","ハムラシ"
"13228:あきる野市","アキルノシ"
"13229:西東京市","ニシトウキョウシ"
"13303:西多摩郡瑞穂町","ニシタマグンミズホマチ"
"13305:西多摩郡日の出町","ニシタマグンヒノデマチ"
"13307:西多摩郡檜原村","ニシタマグンヒノハラムラ"
"13308:西多摩郡奥多摩町","ニシタマグンオクタママチ"
"13361:大島町","オオシママチ"
"13362:利島村","トシマムラ"
"13363:新島村","ニイジマムラ"
"13364:神津島村","コウヅシマムラ"
"13381:三宅島三宅村","ミヤケジマミヤケムラ"
"13382:御蔵島村","ミクラジマムラ"
"13401:八丈島八丈町","ハチジョウジマハチジョウマチ"
"13402:青ヶ島村","アオガシマムラ"
"13421:小笠原村","オガサワラムラ"
"14101:横浜市鶴見区","ヨコハマシツルミク"
"14102:横浜市神奈川区","ヨコハマシカナガワク"
"14103:横浜市西区","ヨコハマシニシク"
"14104:横浜市中区","ヨコハマシナカク"
"14105:横浜市南区","ヨコハマシミナミク"
"14106:横浜市保土ケ谷区","ヨコハマシホドガヤク"
"14107:横浜市磯子区","ヨコハマシイソゴク"
"14108:横浜市金沢区","ヨコハマシカナザワク"
"14109:横浜市港北区","ヨコハマシコウホクク"
"14110:横浜市戸塚区","ヨコハマシトツカク"
"14111:横浜市港南区","ヨコハマシコウナンク"
"14112:横浜市旭区","ヨコハマシアサヒク"
"14113:横浜市緑区","ヨコハマシミドリク"
"14114:横浜市瀬谷区","ヨコハマシセヤク"
"14115:横浜市栄区","ヨコハマシサカエク"
"14116:横浜市泉区","ヨコハマシイズミク"
"14117:横浜市青葉区","ヨコハマシアオバク"
"14118:横浜市都筑区","ヨコハマシツヅキク"
"14131:川崎市川崎区","カワサキシカワサキク"
"14132:川崎市幸区","カワサキシサイワイク"
"14133:川崎市中原区","カワサキシナカハラク"
"14134:川崎市高津区","カワサキシタカツク"
"14135:川崎市多摩区","カワサキシタマク"
"14136:川崎市宮前区","カワサキシミヤマエク"
"14137:川崎市麻生区","カワサキシアサオク"
"14151:相模原市緑区","サガミハラシミドリク"
"14152:相模原市中央区","サガミハラシチュウオウク"
"14153:相模原市南区","サガミハラシミナミク"
"14201:横須賀市","ヨコスカシ"
"14203:平塚市","ヒラツカシ"
"14204:鎌倉市","カマクラシ"
"14205:藤沢市","フジサワシ"
"14206:小田原市","オダワラシ"
"14207:茅ヶ崎市","チガサキシ"
"14208:逗子市","ズシシ"
"14210:三浦市","ミウラシ"
"14211:秦野市","ハダノシ"
"14212:厚木市","アツギシ"
"14213:大和市","ヤマトシ"
"14214:伊勢原市","イセハラシ"
"14215:海老名市","エビナシ"
"14216:座間市","ザマシ"
"14217:南足柄市","ミナミアシガラシ"
"14218:綾瀬市","アヤセシ"
"14301:三浦郡葉山町","ミウラグンハヤママチ"
"14321:高座郡寒川町","コウザグンサムカワマチ"
"14341:中郡大磯町","ナカグンオオイソマチ"
"14342:中郡二宮町","ナカグンニノミヤマチ"
"14361:足柄上郡中井町","アシガラカミグンナカイマチ"
"14362:足柄上郡大井町","アシガラカミグンオオイマチ"
"14363:足柄上郡松田町","アシガラカミグンマツダマチ"
"14364:足柄上郡山北町","アシガラカミグンヤマキタマチ"
"14366:足柄上郡開成町","アシガラカミグンカイセイマチ"
"14382:足柄下郡箱根町","アシガラシモグンハコネマチ"
"14383:足柄下郡真鶴町","アシガラシモグンマナヅルマチ"
"14384:足柄下郡湯河原町","アシガラシモグンユガワラマチ"
"14401:愛甲郡愛川町","アイコウグンアイカワマチ"
"14402:愛甲郡清川村","アイコウグンキヨカワムラ"
"15101:新潟市北区","ニイガタシキタク"
"15102:新潟市東区","ニイガタシヒガシク"
"15103:新潟市中央区","ニイガタシチュウオウク"
"15104:新潟市江南区","ニイガタシコウナンク"
"15105:新潟市秋葉区","ニイガタシアキハク"
"15106:新潟市南区","ニイガタシミナミク"
"15107:新潟市西区","ニイガタシニシク"
"15108:新潟市西蒲区","ニイガタシニシカンク"
"15202:長岡市","ナガオカシ"
"15204:三条市","サンジョウシ"
"15205:柏崎市","カシワザキシ"
"15206:新発田市","シバタシ"
"15208:小千谷市","オヂヤシ"
"15209:加茂市","カモシ"
"15210:十日町市","トオカマチシ"
"15211:見附市","ミツケシ"
"15212:村上市","ムラカミシ"
"15213:燕市","ツバメシ"
"15216:糸魚川市","イトイガワシ"
"15217:妙高市","ミョウコウシ"
"15218:五泉市","ゴセンシ"
"15222:上越市","ジョウエツシ"
"15223:阿賀野市","アガノシ"
"15224:佐渡市","サドシ"
"15225:魚沼市","ウオヌマシ"
"15226:南魚沼市","ミナミウオヌマシ"
"15227:胎内市","タイナイシ"
"15307:北蒲原郡聖籠町","キタカンバラグンセイロウマチ"
"15342:西蒲原郡弥彦村","ニシカンバラグンヤヒコムラ"
"15361:南蒲原郡田上町","ミナミカンバラグンタガミマチ"
"15385:東蒲原郡阿賀町","ヒガシカンバラグンアガマチ"
"15405:三島郡出雲崎町","サントウグンイズモザキマチ"
"15461:南魚沼郡湯沢町","ミナミウオヌマグンユザワマチ"
"15482:中魚沼郡津南町","ナカウオヌマグンツナンマチ"
"15504:刈羽郡刈羽村","カリワグンカリワムラ"
"15581:岩船郡関川村","イワフネグンセキカワムラ"
"15586:岩船郡粟島浦村","イワフネグンアワシマウラムラ"
"16201:富山市","トヤマシ"
"16202:高岡市","タカオカシ"
"16204:魚津市","ウオヅシ"
"16205:氷見市","ヒミシ"
"16206:滑川市","ナメリカワシ"
"16207:黒部市","クロベシ"
"16208:砺波市","トナミシ"
"16209:小矢部市","オヤベシ"
"16210:南砺市","ナントシ"
"16211:射水市","イミズシ"
"16321:中新川郡舟橋村","ナカニイカワグンフナハシムラ"
"16322:中新川郡上市町","ナカニイカワグンカミイチマチ"
"16323:中新川郡立山町","ナカニイカワグンタテヤママチ"
"16342:下新川郡入善町","シモニイカワグンニュウゼンマチ"
"16343:下新川郡朝日町","シモニイカワグンアサヒマチ"
"17201:金沢市","カナザワシ"
"17202:七尾市","ナナオシ"
"17203:小松市","コマツシ"
"17204:輪島市","ワジマシ"
"17205:珠洲市","スズシ"
"17206:加賀市","カガシ"
"17207:羽咋市","ハクイシ"
"17209:かほく市","カホクシ"
"17210:白山市","ハクサンシ"
"17211:能美市","ノミシ"
"17324:能美郡川北町","ノミグンカワキタマチ"
"17344:石川郡野々市町","イシカワグンノノイチマチ"
"17361:河北郡津幡町","カホクグンツバタマチ"
"17365:河北郡内灘町","カホクグンウチナダマチ"
"17384:羽咋郡志賀町","ハクイグンシカマチ"
"17386:羽咋郡宝達志水町","ハクイグンホウダツシミズチョウ"
"17407:鹿島郡中能登町","カシマグンナカノトマチ"
"17461:鳳珠郡穴水町","ホウスグンアナミズマチ"
"17463:鳳珠郡能登町","ホウスグンノトチョウ"
"18201:福井市","フクイシ"
"18202:敦賀市","ツルガシ"
"18204:小浜市","オバマシ"
"18205:大野市","オオノシ"
"18206:勝山市","カツヤマシ"
"18207:鯖江市","サバエシ"
"18208:あわら市","アワラシ"
"18209:越前市","エチゼンシ"
"18210:坂井市","サカイシ"
"18322:吉田郡永平寺町","ヨシダグンエイヘイジチョウ"
"18382:今立郡池田町","イマダテグンイケダチョウ"
"18404:南条郡南越前町","ナンジョウグンミナミエチゼンチョウ"
"18423:丹生郡越前町","ニュウグンエチゼンチョウ"
"18442:三方郡美浜町","ミカタグンミハマチョウ"
"18481:大飯郡高浜町","オオイグンタカハマチョウ"
"18483:大飯郡おおい町","オオイグンオオイチョウ"
"18501:三方上中郡若狭町","ミカタカミナカグンワカサチョウ"
"19201:甲府市","コウフシ"
"19202:富士吉田市","フジヨシダシ"
"19204:都留市","ツルシ"
"19205:山梨市","ヤマナシシ"
"19206:大月市","オオツキシ"
"19207:韮崎市","ニラサキシ"
"19208:南アルプス市","ミナミアルプスシ"
"19209:北杜市","ホクトシ"
"19210:甲斐市","カイシ"
"19211:笛吹市","フエフキシ"
"19212:上野原市","ウエノハラシ"
"19213:甲州市","コウシュウシ"
"19214:中央市","チュウオウシ"
"19346:西八代郡市川三郷町","ニシヤツシログンイチカワミサトチョウ"
"19364:南巨摩郡早川町","ミナミコマグンハヤカワチョウ"
"19365:南巨摩郡身延町","ミナミコマグンミノブチョウ"
"19366:南巨摩郡南部町","ミナミコマグンナンブチョウ"
"19368:南巨摩郡富士川町","ミナミコマグンフジカワチョウ"
"19384:中巨摩郡昭和町","ナカコマグンショウワチョウ"
"19422:南都留郡道志村","ミナミツルグンドウシムラ"
"19423:南都留郡西桂町","ミナミツルグンニシカツラチョウ"
"19424:南都留郡忍野村","ミナミツルグンオシノムラ"
"19425:南都留郡山中湖村","ミナミツルグンヤマナカコムラ"
"19429:南都留郡鳴沢村","ミナミツルグンナルサワムラ"
"19430:南都留郡富士河口湖町","ミナミツルグンフジカワグチコマチ"
"19442:北都留郡小菅村","キタツルグンコスゲムラ"
"19443:北都留郡丹波山村","キタツルグンタバヤマムラ"
"20201:長野市","ナガノシ"
"20202:松本市","マツモトシ"
"20203:上田市","ウエダシ"
"20204:岡谷市","オカヤシ"
"20205:飯田市","イイダシ"
"20206:諏訪市","スワシ"
"20207:須坂市","スザカシ"
"20208:小諸市","コモロシ"
"20209:伊那市","イナシ"
"20210:駒ヶ根市","コマガネシ"
"20211:中野市","ナカノシ"
"20212:大町市","オオマチシ"
"20213:飯山市","イイヤマシ"
"20214:茅野市","チノシ"
"20215:塩尻市","シオジリシ"
"20217:佐久市","サクシ"
"20218:千曲市","チクマシ"
"20219:東御市","トウミシ"
"20220:安曇野市","アヅミノシ"
"20303:南佐久郡小海町","ミナミサクグンコウミマチ"
"20304:南佐久郡川上村","ミナミサクグンカワカミムラ"
"20305:南佐久郡南牧村","ミナミサクグンミナミマキムラ"
"20306:南佐久郡南相木村","ミナミサクグンミナミアイキムラ"
"20307:南佐久郡北相木村","ミナミサクグンキタアイキムラ"
"20309:南佐久郡佐久穂町","ミナミサクグンサクホマチ"
"20321:北佐久郡軽井沢町","キタサクグンカルイザワマチ"
"20323:北佐久郡御代田町","キタサクグンミヨタマチ"
"20324:北佐久郡立科町","キタサクグンタテシナマチ"
"20349:小県郡青木村","チイサガタグンアオキムラ"
"20350:小県郡長和町","チイサガタグンナガワマチ"
"20361:諏訪郡下諏訪町","スワグンシモスワマチ"
"20362:諏訪郡富士見町","スワグンフジミマチ"
"20363:諏訪郡原村","スワグンハラムラ"
"20382:上伊那郡辰野町","カミイナグンタツノマチ"
"20383:上伊那郡箕輪町","カミイナグンミノワマチ"
"20384:上伊那郡飯島町","カミイナグンイイジママチ"
"20385:上伊那郡南箕輪村","カミイナグンミナミミノワムラ"
"20386:上伊那郡中川村","カミイナグンナカガワムラ"
"20388:上伊那郡宮田村","カミイナグンミヤダムラ"
"20402:下伊那郡松川町","シモイナグンマツカワマチ"
"20403:下伊那郡高森町","シモイナグンタカモリマチ"
"20404:下伊那郡阿南町","シモイナグンアナンチョウ"
"20407:下伊那郡阿智村","シモイナグンアチムラ"
"20409:下伊那郡平谷村","シモイナグンヒラヤムラ"
"20410:下伊那郡根羽村","シモイナグンネバムラ"
"20411:下伊那郡下條村","シモイナグンシモジョウムラ"
"20412:下伊那郡売木村","シモイナグンウルギムラ"
"20413:下伊那郡天龍村","シモイナグンテンリュウムラ"
"20414:下伊那郡泰阜村","シモイナグンヤスオカムラ"
"20415:下伊那郡喬木村","シモイナグンタカギムラ"
"20416:下伊那郡豊丘村","シモイナグントヨオカムラ"
"20417:下伊那郡大鹿村","シモイナグンオオシカムラ"
"20422:木曽郡上松町","キソグンアゲマツマチ"
"20423:木曽郡南木曽町","キソグンナギソマチ"
"20425:木曽郡木祖村","キソグンキソムラ"
"20429:木曽郡王滝村","キソグンオウタキムラ"
"20430:木曽郡大桑村","キソグンオオクワムラ"
"20432:木曽郡木曽町","キソグンキソマチ"
"20446:東筑摩郡麻績村","ヒガシチクマグンオミムラ"
"20448:東筑摩郡生坂村","ヒガシチクマグンイクサカムラ"
"20450:東筑摩郡山形村","ヒガシチクマグンヤマガタムラ"
"20451:東筑摩郡朝日村","ヒガシチクマグンアサヒムラ"
"20452:東筑摩郡筑北村","ヒガシチクマグンチクホクムラ"
"20481:北安曇郡池田町","キタアヅミグンイケダマチ"
"20482:北安曇郡松川村","キタアヅミグンマツカワムラ"
"20485:北安曇郡白馬村","キタアヅミグンハクバムラ"
"20486:北安曇郡小谷村","キタアヅミグンオタリムラ"
"20521:埴科郡坂城町","ハニシナグンサカキマチ"
"20541:上高井郡小布施町","カミタカイグンオブセマチ"
"20543:上高井郡高山村","カミタカイグンタカヤマムラ"
"20561:下高井郡山ノ内町","シモタカイグンヤマノウチマチ"
"20562:下高井郡木島平村","シモタカイグンキジマダイラムラ"
"20563:下高井郡野沢温泉村","シモタカイグンノザワオンセンムラ"
"20583:上水内郡信濃町","カミミノチグンシナノマチ"
"20588:上水内郡小川村","カミミノチグンオガワムラ"
"20590:上水内郡飯綱町","カミミノチグンイイヅナマチ"
"20602:下水内郡栄村","シモミノチグンサカエムラ"
"21201:岐阜市","ギフシ"
"21202:大垣市","オオガキシ"
"21203:高山市","タカヤマシ"
"21204:多治見市","タジミシ"
"21205:関市","セキシ"
"21206:中津川市","ナカツガワシ"
"21207:美濃市","ミノシ"
"21208:瑞浪市","ミズナミシ"
"21209:羽島市","ハシマシ"
"21210:恵那市","エナシ"
"21211:美濃加茂市","ミノカモシ"
"21212:土岐市","トキシ"
"21213:各務原市","カカミガハラシ"
"21214:可児市","カニシ"
"21215:山県市","ヤマガタシ"
"21216:瑞穂市","ミズホシ"
"21217:飛騨市","ヒダシ"
"21218:本巣市","モトスシ"
"21219:郡上市","グジョウシ"
"21220:下呂市","ゲロシ"
"21221:海津市","カイヅシ"
"21302:羽島郡岐南町","ハシマグンギナンチョウ"
"21303:羽島郡笠松町","ハシマグンカサマツチョウ"
"21341:養老郡養老町","ヨウロウグンヨウロウチョウ"
"21361:不破郡垂井町","フワグンタルイチョウ"
"21362:不破郡関ケ原町","フワグンセキガハラチョウ"
"21381:安八郡神戸町","アンパチグンゴウドチョウ"
"21382:安八郡輪之内町","アンパチグンワノウチチョウ"
"21383:安八郡安八町","アンパチグンアンパチチョウ"
"21401:揖斐郡揖斐川町","イビグンイビガワチョウ"
"21403:揖斐郡大野町","イビグンオオノチョウ"
"21404:揖斐郡池田町","イビグンイケダチョウ"
"21421:本巣郡北方町","モトスグンキタガタチョウ"
"21501:加茂郡坂祝町","カモグンサカホギチョウ"
"21502:加茂郡富加町","カモグントミカチョウ"
"21503:加茂郡川辺町","カモグンカワベチョウ"
"21504:加茂郡七宗町","カモグンヒチソウチョウ"
"21505:加茂郡八百津町","カモグンヤオツチョウ"
"21506:加茂郡白川町","カモグンシラカワチョウ"
"21507:加茂郡東白川村","カモグンヒガシシラカワムラ"
"21521:可児郡御嵩町","カニグンミタケチョウ"
"21604:大野郡白川村","オオノグンシラカワムラ"
"22101:静岡市葵区","シズオカシアオイク"
"22102:静岡市駿河区","シズオカシスルガク"
"22103:静岡市清水区","シズオカシシミズク"
"22131:浜松市中区","ハママツシナカク"
"22132:浜松市東区","ハママツシヒガシク"
"22133:浜松市西区","ハママツシニシク"
"22134:浜松市南区","ハママツシミナミク"
"22135:浜松市北区","ハママツシキタク"
"22136:浜松市浜北区","ハママツシハマキタク"
"22137:浜松市天竜区","ハママツシテンリュウク"
"22203:沼津市","ヌマヅシ"
"22205:熱海市","アタミシ"
"22206:三島市","ミシマシ"
"22207:富士宮市","フジノミヤシ"
"22208:伊東市","イトウシ"
"22209:島田市","シマダシ"
"22210:富士市","フジシ"
"22211:磐田市","イワタシ"
"22212:焼津市","ヤイヅシ"
"22213:掛川市","カケガワシ"
"22214:藤枝市","フジエダシ"
"22215:御殿場市","ゴテンバシ"
"22216:袋井市","フクロイシ"
"22219:下田市","シモダシ"
"22220:裾野市","スソノシ"
"22221:湖西市","コサイシ"
"22222:伊豆市","イズシ"
"22223:御前崎市","オマエザキシ"
"22224:菊川市","キクガワシ"
"22225:伊豆の国市","イズノクニシ"
"22226:牧之原市","マキノハラシ"
"22301:賀茂郡東伊豆町","カモグンヒガシイズチョウ"
"22302:賀茂郡河津町","カモグンカワヅチョウ"
"22304:賀茂郡南伊豆町","カモグンミナミイズチョウ"
"22305:賀茂郡松崎町","カモグンマツザキチョウ"
"22306:賀茂郡西伊豆町","カモグンニシイズチョウ"
"22325:田方郡函南町","タガタグンカンナミチョウ"
"22341:駿東郡清水町","スントウグンシミズチョウ"
"22342:駿東郡長泉町","スントウグンナガイズミチョウ"
"22344:駿東郡小山町","スントウグンオヤマチョウ"
"22424:榛原郡吉田町","ハイバラグンヨシダチョウ"
"22429:榛原郡川根本町","ハイバラグンカワネホンチョウ"
"22461:周智郡森町","シュウチグンモリマチ"
"23101:名古屋市千種区","ナゴヤシチクサク"
"23102:名古屋市東区","ナゴヤシヒガシク"
"23103:名古屋市北区","ナゴヤシキタク"
"23104:名古屋市西区","ナゴヤシニシク"
"23105:名古屋市中村区","ナゴヤシナカムラク"
"23106:名古屋市中区","ナゴヤシナカク"
"23107:名古屋市昭和区","ナゴヤシショウワク"
"23108:名古屋市瑞穂区","ナゴヤシミズホク"
"23109:名古屋市熱田区","ナゴヤシアツタク"
"23110:名古屋市中川区","ナゴヤシナカガワク"
"23111:名古屋市港区","ナゴヤシミナトク"
"23112:名古屋市南区","ナゴヤシミナミク"
"23113:名古屋市守山区","ナゴヤシモリヤマク"
"23114:名古屋市緑区","ナゴヤシミドリク"
"23115:名古屋市名東区","ナゴヤシメイトウク"
"23116:名古屋市天白区","ナゴヤシテンパクク"
"23201:豊橋市","トヨハシシ"
"23202:岡崎市","オカザキシ"
"23203:一宮市","イチノミヤシ"
"23204:瀬戸市","セトシ"
"23205:半田市","ハンダシ"
"23206:春日井市","カスガイシ"
"23207:豊川市","トヨカワシ"
"23208:津島市","ツシマシ"
"23209:碧南市","ヘキナンシ"
"23210:刈谷市","カリヤシ"
"23211:豊田市","トヨタシ"
"23212:安城市","アンジョウシ"
"23213:西尾市","ニシオシ"
"23214:蒲郡市","ガマゴオリシ"
"23215:犬山市","イヌヤマシ"
"23216:常滑市","トコナメシ"
"23217:江南市","コウナンシ"
"23219:小牧市","コマキシ"
"23220:稲沢市","イナザワシ"
"23221:新城市","シンシロシ"
"23222:東海市","トウカイシ"
"23223:大府市","オオブシ"
"23224:知多市","チタシ"
"23225:知立市","チリュウシ"
"23226:尾張旭市","オワリアサヒシ"
"23227:高浜市","タカハマシ"
"23228:岩倉市","イワクラシ"
"23229:豊明市","トヨアケシ"
"23230:日進市","ニッシンシ"
"23231:田原市","タハラシ"
"23232:愛西市","アイサイシ"
"23233:清須市","キヨスシ"
"23234:北名古屋市","キタナゴヤシ"
"23235:弥富市","ヤトミシ"
"23236:みよし市","ミヨシシ"
"23237:あま市","アマシ"
"23302:愛知郡東郷町","アイチグントウゴウチョウ"
"23304:愛知郡長久手町","アイチグンナガクテチョウ"
"23342:西春日井郡豊山町","ニシカスガイグントヨヤマチョウ"
"23361:丹羽郡大口町","ニワグンオオグチチョウ"
"23362:丹羽郡扶桑町","ニワグンフソウチョウ"
"23424:海部郡大治町","アマグンオオハルチョウ"
"23425:海部郡蟹江町","アマグンカニエチョウ"
"23427:海部郡飛島村","アマグントビシマムラ"
"23441:知多郡阿久比町","チタグンアグイチョウ"
"23442:知多郡東浦町","チタグンヒガシウラチョウ"
"23445:知多郡南知多町","チタグンミナミチタチョウ"
"23446:知多郡美浜町","チタグンミハマチョウ"
"23447:知多郡武豊町","チタグンタケトヨチョウ"
"23501:額田郡幸田町","ヌカタグンコウタチョウ"
"23561:北設楽郡設楽町","キタシタラグンシタラチョウ"
"23562:北設楽郡東栄町","キタシタラグントウエイチョウ"
"23563:北設楽郡豊根村","キタシタラグントヨネムラ"
"24201:津市","ツシ"
"24202:四日市市","ヨッカイチシ"
"24203:伊勢市","イセシ"
"24204:松阪市","マツサカシ"
"24205:桑名市","クワナシ"
"24207:鈴鹿市","スズカシ"
"24208:名張市","ナバリシ"
"24209:尾鷲市","オワセシ"
"24210:亀山市","カメヤマシ"
"24211:鳥羽市","トバシ"
"24212:熊野市","クマノシ"
"24214:いなべ市","イナベシ"
"24215:志摩市","シマシ"
"24216:伊賀市","イガシ"
"24303:桑名郡木曽岬町","クワナグンキソサキチョウ"
"24324:員弁郡東員町","イナベグントウインチョウ"
"24341:三重郡菰野町","ミエグンコモノチョウ"
"24343:三重郡朝日町","ミエグンアサヒチョウ"
"24344:三重郡川越町","ミエグンカワゴエチョウ"
"24441:多気郡多気町","タキグンタキチョウ"
"24442:多気郡明和町","タキグンメイワチョウ"
"24443:多気郡大台町","タキグンオオダイチョウ"
"24461:度会郡玉城町","ワタライグンタマキチョウ"
"24470:度会郡度会町","ワタライグンワタライチョウ"
"24471:度会郡大紀町","ワタライグンタイキチョウ"
"24472:度会郡南伊勢町","ワタライグンミナミイセチョウ"
"24543:北牟婁郡紀北町","キタムログンキホクチョウ"
"24561:南牟婁郡御浜町","ミナミムログンミハマチョウ"
"24562:南牟婁郡紀宝町","ミナミムログンキホウチョウ"
"25201:大津市","オオツシ"
"25202:彦根市","ヒコネシ"
"25203:長浜市","ナガハマシ"
"25204:近江八幡市","オウミハチマンシ"
"25206:草津市","クサツシ"
"25207:守山市","モリヤマシ"
"25208:栗東市","リットウシ"
"25209:甲賀市","コウカシ"
"25210:野洲市","ヤスシ"
"25211:湖南市","コナンシ"
"25212:高島市","タカシマシ"
"25213:東近江市","ヒガシオウミシ"
"25214:米原市","マイバラシ"
"25383:蒲生郡日野町","ガモウグンヒノチョウ"
"25384:蒲生郡竜王町","ガモウグンリュウオウチョウ"
"25425:愛知郡愛荘町","エチグンアイショウチョウ"
"25441:犬上郡豊郷町","イヌカミグントヨサトチョウ"
"25442:犬上郡甲良町","イヌカミグンコウラチョウ"
"25443:犬上郡多賀町","イヌカミグンタガチョウ"
"26101:京都市北区","キョウトシキタク"
"26102:京都市上京区","キョウトシカミギョウク"
"26103:京都市左京区","キョウトシサキョウク"
"26104:京都市中京区","キョウトシナカギョウク"
"26105:京都市東山区","キョウトシヒガシヤマク"
"26106:京都市下京区","キョウトシシモギョウク"
"26107:京都市南区","キョウトシミナミク"
"26108:京都市右京区","キョウトシウキョウク"
"26109:京都市伏見区","キョウトシフシミク"
"26110:京都市山科区","キョウトシヤマシナク"
"26111:京都市西京区","キョウトシニシキョウク"
"26201:福知山市","フクチヤマシ"
"26202:舞鶴市","マイヅルシ"
"26203:綾部市","アヤベシ"
"26204:宇治市","ウジシ"
"26205:宮津市","ミヤヅシ"
"26206:亀岡市","カメオカシ"
"26207:城陽市","ジョウヨウシ"
"26208:向日市","ムコウシ"
"26209:長岡京市","ナガオカキョウシ"
"26210:八幡市","ヤワタシ"
"26211:京田辺市","キョウタナベシ"
"26212:京丹後市","キョウタンゴシ"
"26213:南丹市","ナンタンシ"
"26214:木津川市","キヅガワシ"
"26303:乙訓郡大山崎町","オトクニグンオオヤマザキチョウ"
"26322:久世郡久御山町","クセグンクミヤマチョウ"
"26343:綴喜郡井手町","ツヅキグンイデチョウ"
"26344:綴喜郡宇治田原町","ツヅキグンウジタワラチョウ"
"26364:相楽郡笠置町","ソウラクグンカサギチョウ"
"26365:相楽郡和束町","ソウラクグンワヅカチョウ"
"26366:相楽郡精華町","ソウラクグンセイカチョウ"
"26367:相楽郡南山城村","ソウラクグンミナミヤマシロムラ"
"26407:船井郡京丹波町","フナイグンキョウタンバチョウ"
"26463:与謝郡伊根町","ヨサグンイネチョウ"
"26465:与謝郡与謝野町","ヨサグンヨサノチョウ"
"27102:大阪市都島区","オオサカシミヤコジマク"
"27103:大阪市福島区","オオサカシフクシマク"
"27104:大阪市此花区","オオサカシコノハナク"
"27106:大阪市西区","オオサカシニシク"
"27107:大阪市港区","オオサカシミナトク"
"27108:大阪市大正区","オオサカシタイショウク"
"27109:大阪市天王寺区","オオサカシテンノウジク"
"27111:大阪市浪速区","オオサカシナニワク"
"27113:大阪市西淀川区","オオサカシニシヨドガワク"
"27114:大阪市東淀川区","オオサカシヒガシヨドガワク"
"27115:大阪市東成区","オオサカシヒガシナリク"
"27116:大阪市生野区","オオサカシイクノク"
"27117:大阪市旭区","オオサカシアサヒク"
"27118:大阪市城東区","オオサカシジョウトウク"
"27119:大阪市阿倍野区","オオサカシアベノク"
"27120:大阪市住吉区","オオサカシスミヨシク"
"27121:大阪市東住吉区","オオサカシヒガシスミヨシク"
"27122:大阪市西成区","オオサカシニシナリク"
"27123:大阪市淀川区","オオサカシヨドガワク"
"27124:大阪市鶴見区","オオサカシツルミク"
"27125:大阪市住之江区","オオサカシスミノエク"
"27126:大阪市平野区","オオサカシヒラノク"
"27127:大阪市北区","オオサカシキタク"
"27128:大阪市中央区","オオサカシチュウオウク"
"27141:堺市堺区","サカイシサカイク"
"27142:堺市中区","サカイシナカク"
"27143:堺市東区","サカイシヒガシク"
"27144:堺市西区","サカイシニシク"
"27145:堺市南区","サカイシミナミク"
"27146:堺市北区","サカイシキタク"
"27147:堺市美原区","サカイシミハラク"
"27202:岸和田市","キシワダシ"
"27203:豊中市","トヨナカシ"
"27204:池田市","イケダシ"
"27205:吹田市","スイタシ"
"27206:泉大津市","イズミオオツシ"
"27207:高槻市","タカツキシ"
"27208:貝塚市","カイヅカシ"
"27209:守口市","モリグチシ"
"27210:枚方市","ヒラカタシ"
"27211:茨木市","イバラキシ"
"27212:八尾市","ヤオシ"
"27213:泉佐野市","イズミサノシ"
"27214:富田林市","トンダバヤシシ"
"27215:寝屋川市","ネヤガワシ"
"27216:河内長野市","カワチナガノシ"
"27217:松原市","マツバラシ"
"27218:大東市","ダイトウシ"
"27219:和泉市","イズミシ"
"27220:箕面市","ミノオシ"
"27221:柏原市","カシワラシ"
"27222:羽曳野市","ハビキノシ"
"27223:門真市","カドマシ"
"27224:摂津市","セッツシ"
"27225:高石市","タカイシシ"
"27226:藤井寺市","フジイデラシ"
"27227:東大阪市","ヒガシオオサカシ"
"27228:泉南市","センナンシ"
"27229:四條畷市","シジョウナワテシ"
"27230:交野市","カタノシ"
"27231:大阪狭山市","オオサカサヤマシ"
"27232:阪南市","ハンナンシ"
"27301:三島郡島本町","ミシマグンシマモトチョウ"
"27321:豊能郡豊能町","トヨノグントヨノチョウ"
"27322:豊能郡能勢町","トヨノグンノセチョウ"
"27341:泉北郡忠岡町","センボクグンタダオカチョウ"
"27361:泉南郡熊取町","センナングンクマトリチョウ"
"27362:泉南郡田尻町","センナングンタジリチョウ"
"27366:泉南郡岬町","センナングンミサキチョウ"
"27381:南河内郡太子町","ミナミカワチグンタイシチョウ"
"27382:南河内郡河南町","ミナミカワチグンカナンチョウ"
"27383:南河内郡千早赤阪村","ミナミカワチグンチハヤアカサカムラ"
"28101:神戸市東灘区","コウベシヒガシナダク"
"28102:神戸市灘区","コウベシナダク"
"28105:神戸市兵庫区","コウベシヒョウゴク"
"28106:神戸市長田区","コウベシナガタク"
"28107:神戸市須磨区","コウベシスマク"
"28108:神戸市垂水区","コウベシタルミク"
"28109:神戸市北区","コウベシキタク"
"28110:神戸市中央区","コウベシチュウオウク"
"28111:神戸市西区","コウベシニシク"
"28201:姫路市","ヒメジシ"
"28202:尼崎市","アマガサキシ"
"28203:明石市","アカシシ"
"28204:西宮市","ニシノミヤシ"
"28205:洲本市","スモトシ"
"28206:芦屋市","アシヤシ"
"28207:伊丹市","イタミシ"
"28208:相生市","アイオイシ"
"28209:豊岡市","トヨオカシ"
"28210:加古川市","カコガワシ"
"28212:赤穂市","アコウシ"
"28213:西脇市","ニシワキシ"
"28214:宝塚市","タカラヅカシ"
"28215:三木市","ミキシ"
"28216:高砂市","タカサゴシ"
"28217:川西市","カワニシシ"
"28218:小野市","オノシ"
"28219:三田市","サンダシ"
"28220:加西市","カサイシ"
"28221:篠山市","ササヤマシ"
"28222:養父市","ヤブシ"
"28223:丹波市","タンバシ"
"28224:南あわじ市","ミナミアワジシ"
"28225:朝来市","アサゴシ"
"28226:淡路市","アワジシ"
"28227:宍粟市","シソウシ"
"28228:加東市","カトウシ"
"28229:たつの市","タツノシ"
"28301:川辺郡猪名川町","カワベグンイナガワチョウ"
"28365:多可郡多可町","タカグンタカチョウ"
"28381:加古郡稲美町","カコグンイナミチョウ"
"28382:加古郡播磨町","カコグンハリマチョウ"
"28442:神崎郡市川町","カンザキグンイチカワチョウ"
"28443:神崎郡福崎町","カンザキグンフクサキチョウ"
"28446:神崎郡神河町","カンザキグンカミカワチョウ"
"28464:揖保郡太子町","イボグンタイシチョウ"
"28481:赤穂郡上郡町","アコウグンカミゴオリチョウ"
"28501:佐用郡佐用町","サヨウグンサヨウチョウ"
"28585:美方郡香美町","ミカタグンカミチョウ"
"28586:美方郡新温泉町","ミカタグンシンオンセンチョウ"
"29201:奈良市","ナラシ"
"29202:大和高田市","ヤマトタカダシ"
"29203:大和郡山市","ヤマトコオリヤマシ"
"29204:天理市","テンリシ"
"29205:橿原市","カシハラシ"
"29206:桜井市","サクライシ"
"29207:五條市","ゴジョウシ"
"29208:御所市","ゴセシ"
"29209:生駒市","イコマシ"
"29210:香芝市","カシバシ"
"29211:葛城市","カツラギシ"
"29212:宇陀市","ウダシ"
"29322:山辺郡山添村","ヤマベグンヤマゾエムラ"
"29342:生駒郡平群町","イコマグンヘグリチョウ"
"29343:生駒郡三郷町","イコマグンサンゴウチョウ"
"29344:生駒郡斑鳩町","イコマグンイカルガチョウ"
"29345:生駒郡安堵町","イコマグンアンドチョウ"
"29361:磯城郡川西町","シキグンカワニシチョウ"
"29362:磯城郡三宅町","シキグンミヤケチョウ"
"29363:磯城郡田原本町","シキグンタワラモトチョウ"
"29385:宇陀郡曽爾村","ウダグンソニムラ"
"29386:宇陀郡御杖村","ウダグンミツエムラ"
"29401:高市郡高取町","タカイチグンタカトリチョウ"
"29402:高市郡明日香村","タカイチグンアスカムラ"
"29424:北葛城郡上牧町","キタカツラギグンカンマキチョウ"
"29425:北葛城郡王寺町","キタカツラギグンオウジチョウ"
"29426:北葛城郡広陵町","キタカツラギグンコウリョウチョウ"
"29427:北葛城郡河合町","キタカツラギグンカワイチョウ"
"29441:吉野郡吉野町","ヨシノグンヨシノチョウ"
"29442:吉野郡大淀町","ヨシノグンオオヨドチョウ"
"29443:吉野郡下市町","ヨシノグンシモイチチョウ"
"29444:吉野郡黒滝村","ヨシノグンクロタキムラ"
"29446:吉野郡天川村","ヨシノグンテンカワムラ"
"29447:吉野郡野迫川村","ヨシノグンノセガワムラ"
"29449:吉野郡十津川村","ヨシノグントツカワムラ"
"29450:吉野郡下北山村","ヨシノグンシモキタヤマムラ"
"29451:吉野郡上北山村","ヨシノグンカミキタヤマムラ"
"29452:吉野郡川上村","ヨシノグンカワカミムラ"
"29453:吉野郡東吉野村","ヨシノグンヒガシヨシノムラ"
"30201:和歌山市","ワカヤマシ"
"30202:海南市","カイナンシ"
"30203:橋本市","ハシモトシ"
"30204:有田市","アリダシ"
"30205:御坊市","ゴボウシ"
"30206:田辺市","タナベシ"
"30207:新宮市","シングウシ"
"30208:紀の川市","キノカワシ"
"30209:岩出市","イワデシ"
"30304:海草郡紀美野町","カイソウグンキミノチョウ"
"30341:伊都郡かつらぎ町","イトグンカツラギチョウ"
"30343:伊都郡九度山町","イトグンクドヤマチョウ"
"30344:伊都郡高野町","イトグンコウヤチョウ"
"30361:有田郡湯浅町","アリダグンユアサチョウ"
"30362:有田郡広川町","アリダグンヒロガワチョウ"
"30366:有田郡有田川町","アリダグンアリダガワチョウ"
"30381:日高郡美浜町","ヒダカグンミハマチョウ"
"30382:日高郡日高町","ヒダカグンヒダカチョウ"
"30383:日高郡由良町","ヒダカグンユラチョウ"
"30390:日高郡印南町","ヒダカグンイナミチョウ"
"30391:日高郡みなべ町","ヒダカグンミナベチョウ"
"30392:日高郡日高川町","ヒダカグンヒダカガワチョウ"
"30401:西牟婁郡白浜町","ニシムログンシラハマチョウ"
"30404:西牟婁郡上富田町","ニシムログンカミトンダチョウ"
"30406:西牟婁郡すさみ町","ニシムログンスサミチョウ"
"30421:東牟婁郡那智勝浦町","ヒガシムログンナチカツウラチョウ"
"30422:東牟婁郡太地町","ヒガシムログンタイジチョウ"
"30424:東牟婁郡古座川町","ヒガシムログンコザガワチョウ"
"30427:東牟婁郡北山村","ヒガシムログンキタヤマムラ"
"30428:東牟婁郡串本町","ヒガシムログンクシモトチョウ"
"31201:鳥取市","トットリシ"
"31202:米子市","ヨナゴシ"
"31203:倉吉市","クラヨシシ"
"31204:境港市","サカイミナトシ"
"31302:岩美郡岩美町","イワミグンイワミチョウ"
"31325:八頭郡若桜町","ヤズグンワカサチョウ"
"31328:八頭郡智頭町","ヤズグンチヅチョウ"
"31329:八頭郡八頭町","ヤズグンヤズチョウ"
"31364:東伯郡三朝町","トウハクグンミササチョウ"
"31370:東伯郡湯梨浜町","トウハクグンユリハマチョウ"
"31371:東伯郡琴浦町","トウハクグンコトウラチョウ"
"31372:東伯郡北栄町","トウハクグンホクエイチョウ"
"31384:西伯郡日吉津村","サイハクグンヒエヅソン"
"31386:西伯郡大山町","サイハクグンダイセンチョウ"
"31389:西伯郡南部町","サイハクグンナンブチョウ"
"31390:西伯郡伯耆町","サイハクグンホウキチョウ"
"31401:日野郡日南町","ヒノグンニチナンチョウ"
"31402:日野郡日野町","ヒノグンヒノチョウ"
"31403:日野郡江府町","ヒノグンコウフチョウ"
"32201:松江市","マツエシ"
"32202:浜田市","ハマダシ"
"32203:出雲市","イズモシ"
"32204:益田市","マスダシ"
"32205:大田市","オオダシ"
"32206:安来市","ヤスギシ"
"32207:江津市","ゴウツシ"
"32209:雲南市","ウンナンシ"
"32304:八束郡東出雲町","ヤツカグンヒガシイズモチョウ"
"32343:仁多郡奥出雲町","ニタグンオクイズモチョウ"
"32386:飯石郡飯南町","イイシグンイイナンチョウ"
"32401:簸川郡斐川町","ヒカワグンヒカワチョウ"
"32441:邑智郡川本町","オオチグンカワモトマチ"
"32448:邑智郡美郷町","オオチグンミサトチョウ"
"32449:邑智郡邑南町","オオチグンオオナンチョウ"
"32501:鹿足郡津和野町","カノアシグンツワノチョウ"
"32505:鹿足郡吉賀町","カノアシグンヨシカチョウ"
"32525:隠岐郡海士町","オキグンアマチョウ"
"32526:隠岐郡西ノ島町","オキグンニシノシマチョウ"
"32527:隠岐郡知夫村","オキグンチブムラ"
"32528:隠岐郡隠岐の島町","オキグンオキノシマチョウ"
"33101:岡山市北区","オカヤマシキタク"
"33102:岡山市中区","オカヤマシナカク"
"33103:岡山市東区","オカヤマシヒガシク"
"33104:岡山市南区","オカヤマシミナミク"
"33202:倉敷市","クラシキシ"
"33203:津山市","ツヤマシ"
"33204:玉野市","タマノシ"
"33205:笠岡市","カサオカシ"
"33207:井原市","イバラシ"
"33208:総社市","ソウジャシ"
"33209:高梁市","タカハシシ"
"33210:新見市","ニイミシ"
"33211:備前市","ビゼンシ"
"33212:瀬戸内市","セトウチシ"
"33213:赤磐市","アカイワシ"
"33214:真庭市","マニワシ"
"33215:美作市","ミマサカシ"
"33216:浅口市","アサクチシ"
"33346:和気郡和気町","ワケグンワケチョウ"
"33423:都窪郡早島町","ツクボグンハヤシマチョウ"
"33445:浅口郡里庄町","アサクチグンサトショウチョウ"
"33461:小田郡矢掛町","オダグンヤカゲチョウ"
"33586:真庭郡新庄村","マニワグンシンジョウソン"
"33606:苫田郡鏡野町","トマタグンカガミノチョウ"
"33622:勝田郡勝央町","カツタグンショウオウチョウ"
"33623:勝田郡奈義町","カツタグンナギチョウ"
"33643:英田郡西粟倉村","アイダグンニシアワクラソン"
"33663:久米郡久米南町","クメグンクメナンチョウ"
"33666:久米郡美咲町","クメグンミサキチョウ"
"33681:加賀郡吉備中央町","カガグンキビチュウオウチョウ"
"34101:広島市中区","ヒロシマシナカク"
"34102:広島市東区","ヒロシマシヒガシク"
"34103:広島市南区","ヒロシマシミナミク"
"34104:広島市西区","ヒロシマシニシク"
"34105:広島市安佐南区","ヒロシマシアサミナミク"
"34106:広島市安佐北区","ヒロシマシアサキタク"
"34107:広島市安芸区","ヒロシマシアキク"
"34108:広島市佐伯区","ヒロシマシサエキク"
"34202:呉市","クレシ"
"34203:竹原市","タケハラシ"
"34204:三原市","ミハラシ"
"34205:尾道市","オノミチシ"
"34207:福山市","フクヤマシ"
"34208:府中市","フチュウシ"
"34209:三次市","ミヨシシ"
"34210:庄原市","ショウバラシ"
"34211:大竹市","オオタケシ"
"34212:東広島市","ヒガシヒロシマシ"
"34213:廿日市市","ハツカイチシ"
"34214:安芸高田市","アキタカタシ"
"34215:江田島市","エタジマシ"
"34302:安芸郡府中町","アキグンフチュウチョウ"
"34304:安芸郡海田町","アキグンカイタチョウ"
"34307:安芸郡熊野町","アキグンクマノチョウ"
"34309:安芸郡坂町","アキグンサカチョウ"
"34368:山県郡安芸太田町","ヤマガタグンアキオオタチョウ"
"34369:山県郡北広島町","ヤマガタグンキタヒロシマチョウ"
"34431:豊田郡大崎上島町","トヨタグンオオサキカミジマチョウ"
"34462:世羅郡世羅町","セラグンセラチョウ"
"34545:神石郡神石高原町","ジンセキグンジンセキコウゲンチョウ"
"35201:下関市","シモノセキシ"
"35202:宇部市","ウベシ"
"35203:山口市","ヤマグチシ"
"35204:萩市","ハギシ"
"35206:防府市","ホウフシ"
"35207:下松市","クダマツシ"
"35208:岩国市","イワクニシ"
"35210:光市","ヒカリシ"
"35211:長門市","ナガトシ"
"35212:柳井市","ヤナイシ"
"35213:美祢市","ミネシ"
"35215:周南市","シュウナンシ"
"35216:山陽小野田市","サンヨウオノダシ"
"35305:大島郡周防大島町","オオシマグンスオウオオシマチョウ"
"35321:玖珂郡和木町","クガグンワキチョウ"
"35341:熊毛郡上関町","クマゲグンカミノセキチョウ"
"35343:熊毛郡田布施町","クマゲグンタブセチョウ"
"35344:熊毛郡平生町","クマゲグンヒラオチョウ"
"35502:阿武郡阿武町","アブグンアブチョウ"
"36201:徳島市","トクシマシ"
"36202:鳴門市","ナルトシ"
"36203:小松島市","コマツシマシ"
"36204:阿南市","アナンシ"
"36205:吉野川市","ヨシノガワシ"
"36206:阿波市","アワシ"
"36207:美馬市","ミマシ"
"36208:三好市","ミヨシシ"
"36301:勝浦郡勝浦町","カツウラグンカツウラチョウ"
"36302:勝浦郡上勝町","カツウラグンカミカツチョウ"
"36321:名東郡佐那河内村","ミョウドウグンサナゴウチソン"
"36341:名西郡石井町","ミョウザイグンイシイチョウ"
"36342:名西郡神山町","ミョウザイグンカミヤマチョウ"
"36368:那賀郡那賀町","ナカグンナカチョウ"
"36383:海部郡牟岐町","カイフグンムギチョウ"
"36387:海部郡美波町","カイフグンミナミチョウ"
"36388:海部郡海陽町","カイフグンカイヨウチョウ"
"36401:板野郡松茂町","イタノグンマツシゲチョウ"
"36402:板野郡北島町","イタノグンキタジマチョウ"
"36403:板野郡藍住町","イタノグンアイズミチョウ"
"36404:板野郡板野町","イタノグンイタノチョウ"
"36405:板野郡上板町","イタノグンカミイタチョウ"
"36468:美馬郡つるぎ町","ミマグンツルギチョウ"
"36489:三好郡東みよし町","ミヨシグンヒガシミヨシチョウ"
"37201:高松市","タカマツシ"
"37202:丸亀市","マルガメシ"
"37203:坂出市","サカイデシ"
"37204:善通寺市","ゼンツウジシ"
"37205:観音寺市","カンオンジシ"
"37206:さぬき市","サヌキシ"
"37207:東かがわ市","ヒガシカガワシ"
"37208:三豊市","ミトヨシ"
"37322:小豆郡土庄町","ショウズグントノショウチョウ"
"37324:小豆郡小豆島町","ショウズグンショウドシマチョウ"
"37341:木田郡三木町","キタグンミキチョウ"
"37364:香川郡直島町","カガワグンナオシマチョウ"
"37386:綾歌郡宇多津町","アヤウタグンウタヅチョウ"
"37387:綾歌郡綾川町","アヤウタグンアヤガワチョウ"
"37403:仲多度郡琴平町","ナカタドグンコトヒラチョウ"
"37404:仲多度郡多度津町","ナカタドグンタドツチョウ"
"37406:仲多度郡まんのう町","ナカタドグンマンノウチョウ"
"38201:松山市","マツヤマシ"
"38202:今治市","イマバリシ"
"38203:宇和島市","ウワジマシ"
"38204:八幡浜市","ヤワタハマシ"
"38205:新居浜市","ニイハマシ"
"38206:西条市","サイジョウシ"
"38207:大洲市","オオズシ"
"38210:伊予市","イヨシ"
"38213:四国中央市","シコクチュウオウシ"
"38214:西予市","セイヨシ"
"38215:東温市","トウオンシ"
"38356:越智郡上島町","オチグンカミジマチョウ"
"38386:上浮穴郡久万高原町","カミウケナグンクマコウゲンチョウ"
"38401:伊予郡松前町","イヨグンマサキチョウ"
"38402:伊予郡砥部町","イヨグントベチョウ"
"38422:喜多郡内子町","キタグンウチコチョウ"
"38442:西宇和郡伊方町","ニシウワグンイカタチョウ"
"38484:北宇和郡松野町","キタウワグンマツノチョウ"
"38488:北宇和郡鬼北町","キタウワグンキホクチョウ"
"38506:南宇和郡愛南町","ミナミウワグンアイナンチョウ"
"39201:高知市","コウチシ"
"39202:室戸市","ムロトシ"
"39203:安芸市","アキシ"
"39204:南国市","ナンコクシ"
"39205:土佐市","トサシ"
"39206:須崎市","スサキシ"
"39208:宿毛市","スクモシ"
"39209:土佐清水市","トサシミズシ"
"39210:四万十市","シマントシ"
"39211:香南市","コウナンシ"
"39212:香美市","カミシ"
"39301:安芸郡東洋町","アキグントウヨウチョウ"
"39302:安芸郡奈半利町","アキグンナハリチョウ"
"39303:安芸郡田野町","アキグンタノチョウ"
"39304:安芸郡安田町","アキグンヤスダチョウ"
"39305:安芸郡北川村","アキグンキタガワムラ"
"39306:安芸郡馬路村","アキグンウマジムラ"
"39307:安芸郡芸西村","アキグンゲイセイムラ"
"39341:長岡郡本山町","ナガオカグンモトヤマチョウ"
"39344:長岡郡大豊町","ナガオカグンオオトヨチョウ"
"39363:土佐郡土佐町","トサグントサチョウ"
"39364:土佐郡大川村","トサグンオオカワムラ"
"39386:吾川郡いの町","アガワグンイノチョウ"
"39387:吾川郡仁淀川町","アガワグンニヨドガワチョウ"
"39401:高岡郡中土佐町","タカオカグンナカトサチョウ"
"39402:高岡郡佐川町","タカオカグンサカワチョウ"
"39403:高岡郡越知町","タカオカグンオチチョウ"
"39405:高岡郡檮原町","タカオカグンユスハラチョウ"
"39410:高岡郡日高村","タカオカグンヒダカムラ"
"39411:高岡郡津野町","タカオカグンツノチョウ"
"39412:高岡郡四万十町","タカオカグンシマントチョウ"
"39424:幡多郡大月町","ハタグンオオツキチョウ"
"39427:幡多郡三原村","ハタグンミハラムラ"
"39428:幡多郡黒潮町","ハタグンクロシオチョウ"
"40101:北九州市門司区","キタキュウシュウシモジク"
"40103:北九州市若松区","キタキュウシュウシワカマツク"
"40105:北九州市戸畑区","キタキュウシュウシトバタク"
"40106:北九州市小倉北区","キタキュウシュウシコクラキタク"
"40107:北九州市小倉南区","キタキュウシュウシコクラミナミク"
"40108:北九州市八幡東区","キタキュウシュウシヤハタヒガシク"
"40109:北九州市八幡西区","キタキュウシュウシヤハタニシク"
"40131:福岡市東区","フクオカシヒガシク"
"40132:福岡市博多区","フクオカシハカタク"
"40133:福岡市中央区","フクオカシチュウオウク"
"40134:福岡市南区","フクオカシミナミク"
"40135:福岡市西区","フクオカシニシク"
"40136:福岡市城南区","フクオカシジョウナンク"
"40137:福岡市早良区","フクオカシサワラク"
"40202:大牟田市","オオムタシ"
"40203:久留米市","クルメシ"
"40204:直方市","ノオガタシ"
"40205:飯塚市","イイヅカシ"
"40206:田川市","タガワシ"
"40207:柳川市","ヤナガワシ"
"40210:八女市","ヤメシ"
"40211:筑後市","チクゴシ"
"40212:大川市","オオカワシ"
"40213:行橋市","ユクハシシ"
"40214:豊前市","ブゼンシ"
"40215:中間市","ナカマシ"
"40216:小郡市","オゴオリシ"
"40217:筑紫野市","チクシノシ"
"40218:春日市","カスガシ"
"40219:大野城市","オオノジョウシ"
"40220:宗像市","ムナカタシ"
"40221:太宰府市","ダザイフシ"
"40223:古賀市","コガシ"
"40224:福津市","フクツシ"
"40225:うきは市","ウキハシ"
"40226:宮若市","ミヤワカシ"
"40227:嘉麻市","カマシ"
"40228:朝倉市","アサクラシ"
"40229:みやま市","ミヤマシ"
"40230:糸島市","イトシマシ"
"40305:筑紫郡那珂川町","チクシグンナカガワマチ"
"40341:糟屋郡宇美町","カスヤグンウミマチ"
"40342:糟屋郡篠栗町","カスヤグンササグリマチ"
"40343:糟屋郡志免町","カスヤグンシメマチ"
"40344:糟屋郡須惠町","カスヤグンスエマチ"
"40345:糟屋郡新宮町","カスヤグンシングウマチ"
"40348:糟屋郡久山町","カスヤグンヒサヤママチ"
"40349:糟屋郡粕屋町","カスヤグンカスヤマチ"
"40381:遠賀郡芦屋町","オンガグンアシヤマチ"
"40382:遠賀郡水巻町","オンガグンミズマキマチ"
"40383:遠賀郡岡垣町","オンガグンオカガキマチ"
"40384:遠賀郡遠賀町","オンガグンオンガチョウ"
"40401:鞍手郡小竹町","クラテグンコタケマチ"
"40402:鞍手郡鞍手町","クラテグンクラテマチ"
"40421:嘉穂郡桂川町","カホグンケイセンマチ"
"40447:朝倉郡筑前町","アサクラグンチクゼンマチ"
"40448:朝倉郡東峰村","アサクラグントウホウムラ"
"40503:三井郡大刀洗町","ミイグンタチアライマチ"
"40522:三潴郡大木町","ミズマグンオオキマチ"
"40544:八女郡広川町","ヤメグンヒロカワマチ"
"40601:田川郡香春町","タガワグンカワラマチ"
"40602:田川郡添田町","タガワグンソエダマチ"
"40604:田川郡糸田町","タガワグンイトダマチ"
"40605:田川郡川崎町","タガワグンカワサキマチ"
"40608:田川郡大任町","タガワグンオオトウマチ"
"40609:田川郡赤村","タガワグンアカムラ"
"40610:田川郡福智町","タガワグンフクチマチ"
"40621:京都郡苅田町","ミヤコグンカンダマチ"
"40625:京都郡みやこ町","ミヤコグンミヤコマチ"
"40642:築上郡吉富町","チクジョウグンヨシトミマチ"
"40646:築上郡上毛町","チクジョウグンコウゲマチ"
"40647:築上郡築上町","チクジョウグンチクジョウマチ"
"41201:佐賀市","サガシ"
"41202:唐津市","カラツシ"
"41203:鳥栖市","トスシ"
"41204:多久市","タクシ"
"41205:伊万里市","イマリシ"
"41206:武雄市","タケオシ"
"41207:鹿島市","カシマシ"
"41208:小城市","オギシ"
"41209:嬉野市","ウレシノシ"
"41210:神埼市","カンザキシ"
"41327:神埼郡吉野ヶ里町","カンザキグンヨシノガリチョウ"
"41341:三養基郡基山町","ミヤキグンキヤマチョウ"
"41345:三養基郡上峰町","ミヤキグンカミミネチョウ"
"41346:三養基郡みやき町","ミヤキグンミヤキチョウ"
"41387:東松浦郡玄海町","ヒガシマツウラグンゲンカイチョウ"
"41401:西松浦郡有田町","ニシマツウラグンアリタチョウ"
"41423:杵島郡大町町","キシマグンオオマチチョウ"
"41424:杵島郡江北町","キシマグンコウホクマチ"
"41425:杵島郡白石町","キシマグンシロイシチョウ"
"41441:藤津郡太良町","フジツグンタラチョウ"
"42201:長崎市","ナガサキシ"
"42202:佐世保市","サセボシ"
"42203:島原市","シマバラシ"
"42204:諫早市","イサハヤシ"
"42205:大村市","オオムラシ"
"42207:平戸市","ヒラドシ"
"42208:松浦市","マツウラシ"
"42209:対馬市","ツシマシ"
"42210:壱岐市","イキシ"
"42211:五島市","ゴトウシ"
"42212:西海市","サイカイシ"
"42213:雲仙市","ウンゼンシ"
"42214:南島原市","ミナミシマバラシ"
"42307:西彼杵郡長与町","ニシソノギグンナガヨチョウ"
"42308:西彼杵郡時津町","ニシソノギグントギツチョウ"
"42321:東彼杵郡東彼杵町","ヒガシソノギグンヒガシソノギチョウ"
"42322:東彼杵郡川棚町","ヒガシソノギグンカワタナチョウ"
"42323:東彼杵郡波佐見町","ヒガシソノギグンハサミチョウ"
"42383:北松浦郡小値賀町","キタマツウラグンオヂカチョウ"
"42391:北松浦郡佐々町","キタマツウラグンサザチョウ"
"42411:南松浦郡新上五島町","ミナミマツウラグンシンカミゴトウチョウ"
"43201:熊本市","クマモトシ"
"43202:八代市","ヤツシロシ"
"43203:人吉市","ヒトヨシシ"
"43204:荒尾市","アラオシ"
"43205:水俣市","ミナマタシ"
"43206:玉名市","タマナシ"
"43208:山鹿市","ヤマガシ"
"43210:菊池市","キクチシ"
"43211:宇土市","ウトシ"
"43212:上天草市","カミアマクサシ"
"43213:宇城市","ウキシ"
"43214:阿蘇市","アソシ"
"43215:天草市","アマクサシ"
"43216:合志市","コウシシ"
"43348:下益城郡美里町","シモマシキグンミサトマチ"
"43364:玉名郡玉東町","タマナグンギョクトウマチ"
"43367:玉名郡南関町","タマナグンナンカンマチ"
"43368:玉名郡長洲町","タマナグンナガスマチ"
"43369:玉名郡和水町","タマナグンナゴミマチ"
"43403:菊池郡大津町","キクチグンオオヅマチ"
"43404:菊池郡菊陽町","キクチグンキクヨウマチ"
"43423:阿蘇郡南小国町","アソグンミナミオグニマチ"
"43424:阿蘇郡小国町","アソグンオグニマチ"
"43425:阿蘇郡産山村","アソグンウブヤマムラ"
"43428:阿蘇郡高森町","アソグンタカモリマチ"
"43432:阿蘇郡西原村","アソグンニシハラムラ"
"43433:阿蘇郡南阿蘇村","アソグンミナミアソムラ"
"43441:上益城郡御船町","カミマシキグンミフネマチ"
"43442:上益城郡嘉島町","カミマシキグンカシママチ"
"43443:上益城郡益城町","カミマシキグンマシキマチ"
"43444:上益城郡甲佐町","カミマシキグンコウサマチ"
"43447:上益城郡山都町","カミマシキグンヤマトチョウ"
"43468:八代郡氷川町","ヤツシログンヒカワチョウ"
"43482:葦北郡芦北町","アシキタグンアシキタマチ"
"43484:葦北郡津奈木町","アシキタグンツナギマチ"
"43501:球磨郡錦町","クマグンニシキマチ"
"43505:球磨郡多良木町","クマグンタラギマチ"
"43506:球磨郡湯前町","クマグンユノマエマチ"
"43507:球磨郡水上村","クマグンミズカミムラ"
"43510:球磨郡相良村","クマグンサガラムラ"
"43511:球磨郡五木村","クマグンイツキムラ"
"43512:球磨郡山江村","クマグンヤマエムラ"
"43513:球磨郡球磨村","クマグンクマムラ"
"43514:球磨郡あさぎり町","クマグンアサギリチョウ"
"43531:天草郡苓北町","アマクサグンレイホクマチ"
"44201:大分市","オオイタシ"
"44202:別府市","ベップシ"
"44203:中津市","ナカツシ"
"44204:日田市","ヒタシ"
"44205:佐伯市","サイキシ"
"44206:臼杵市","ウスキシ"
"44207:津久見市","ツクミシ"
"44208:竹田市","タケタシ"
"44209:豊後高田市","ブンゴタカダシ"
"44210:杵築市","キツキシ"
"44211:宇佐市","ウサシ"
"44212:豊後大野市","ブンゴオオノシ"
"44213:由布市","ユフシ"
"44214:国東市","クニサキシ"
"44322:東国東郡姫島村","ヒガシクニサキグンヒメシマムラ"
"44341:速見郡日出町","ハヤミグンヒジマチ"
"44461:玖珠郡九重町","クスグンココノエマチ"
"44462:玖珠郡玖珠町","クスグンクスマチ"
"45201:宮崎市","ミヤザキシ"
"45202:都城市","ミヤコノジョウシ"
"45203:延岡市","ノベオカシ"
"45204:日南市","ニチナンシ"
"45205:小林市","コバヤシシ"
"45206:日向市","ヒュウガシ"
"45207:串間市","クシマシ"
"45208:西都市","サイトシ"
"45209:えびの市","エビノシ"
"45341:北諸県郡三股町","キタモロカタグンミマタチョウ"
"45361:西諸県郡高原町","ニシモロカタグンタカハルチョウ"
"45382:東諸県郡国富町","ヒガシモロカタグンクニトミチョウ"
"45383:東諸県郡綾町","ヒガシモロカタグンアヤチョウ"
"45401:児湯郡高鍋町","コユグンタカナベチョウ"
"45402:児湯郡新富町","コユグンシントミチョウ"
"45403:児湯郡西米良村","コユグンニシメラソン"
"45404:児湯郡木城町","コユグンキジョウチョウ"
"45405:児湯郡川南町","コユグンカワミナミチョウ"
"45406:児湯郡都農町","コユグンツノチョウ"
"45421:東臼杵郡門川町","ヒガシウスキグンカドガワチョウ"
"45429:東臼杵郡諸塚村","ヒガシウスキグンモロツカソン"
"45430:東臼杵郡椎葉村","ヒガシウスキグンシイバソン"
"45431:東臼杵郡美郷町","ヒガシウスキグンミサトチョウ"
"45441:西臼杵郡高千穂町","ニシウスキグンタカチホチョウ"
"45442:西臼杵郡日之影町","ニシウスキグンヒノカゲチョウ"
"45443:西臼杵郡五ヶ瀬町","ニシウスキグンゴカセチョウ"
"46201:鹿児島市","カゴシマシ"
"46203:鹿屋市","カノヤシ"
"46204:枕崎市","マクラザキシ"
"46206:阿久根市","アクネシ"
"46208:出水市","イズミシ"
"46210:指宿市","イブスキシ"
"46213:西之表市","ニシノオモテシ"
"46214:垂水市","タルミズシ"
"46215:薩摩川内市","サツマセンダイシ"
"46216:日置市","ヒオキシ"
"46217:曽於市","ソオシ"
"46218:霧島市","キリシマシ"
"46219:いちき串木野市","イチキクシキノシ"
"46220:南さつま市","ミナミサツマシ"
"46221:志布志市","シブシシ"
"46222:奄美市","アマミシ"
"46223:南九州市","ミナミキュウシュウシ"
"46224:伊佐市","イサシ"
"46225:姶良市","アイラシ"
"46303:鹿児島郡三島村","カゴシマグンミシマムラ"
"46304:鹿児島郡十島村","カゴシマグントシマムラ"
"46392:薩摩郡さつま町","サツマグンサツマチョウ"
"46404:出水郡長島町","イズミグンナガシマチョウ"
"46452:姶良郡湧水町","アイラグンユウスイチョウ"
"46468:曽於郡大崎町","ソオグンオオサキチョウ"
"46482:肝属郡東串良町","キモツキグンヒガシクシラチョウ"
"46490:肝属郡錦江町","キモツキグンキンコウチョウ"
"46491:肝属郡南大隅町","キモツキグンミナミオオスミチョウ"
"46492:肝属郡肝付町","キモツキグンキモツキチョウ"
"46501:熊毛郡中種子町","クマゲグンナカタネチョウ"
"46502:熊毛郡南種子町","クマゲグンミナミタネチョウ"
"46505:熊毛郡屋久島町","クマゲグンヤクシマチョウ"
"46523:大島郡大和村","オオシマグンヤマトソン"
"46524:大島郡宇検村","オオシマグンウケンソン"
"46525:大島郡瀬戸内町","オオシマグンセトウチチョウ"
"46527:大島郡龍郷町","オオシマグンタツゴウチョウ"
"46529:大島郡喜界町","オオシマグンキカイチョウ"
"46530:大島郡徳之島町","オオシマグントクノシマチョウ"
"46531:大島郡天城町","オオシマグンアマギチョウ"
"46532:大島郡伊仙町","オオシマグンイセンチョウ"
"46533:大島郡和泊町","オオシマグンワドマリチョウ"
"46534:大島郡知名町","オオシマグンチナチョウ"
"46535:大島郡与論町","オオシマグンヨロンチョウ"
"47201:那覇市","ナハシ"
"47205:宜野湾市","ギノワンシ"
"47207:石垣市","イシガキシ"
"47208:浦添市","ウラソエシ"
"47209:名護市","ナゴシ"
"47210:糸満市","イトマンシ"
"47211:沖縄市","オキナワシ"
"47212:豊見城市","トミグスクシ"
"47213:うるま市","ウルマシ"
"47214:宮古島市","ミヤコジマシ"
"47215:南城市","ナンジョウシ"
"47301:国頭郡国頭村","クニガミグンクニガミソン"
"47302:国頭郡大宜味村","クニガミグンオオギミソン"
"47303:国頭郡東村","クニガミグンヒガシソン"
"47306:国頭郡今帰仁村","クニガミグンナキジンソン"
"47308:国頭郡本部町","クニガミグンモトブチョウ"
"47311:国頭郡恩納村","クニガミグンオンナソン"
"47313:国頭郡宜野座村","クニガミグンギノザソン"
"47314:国頭郡金武町","クニガミグンキンチョウ"
"47315:国頭郡伊江村","クニガミグンイエソン"
"47324:中頭郡読谷村","ナカガミグンヨミタンソン"
"47325:中頭郡嘉手納町","ナカガミグンカデナチョウ"
"47326:中頭郡北谷町","ナカガミグンチャタンチョウ"
"47327:中頭郡北中城村","ナカガミグンキタナカグスクソン"
"47328:中頭郡中城村","ナカガミグンナカグスクソン"
"47329:中頭郡西原町","ナカガミグンニシハラチョウ"
"47348:島尻郡与那原町","シマジリグンヨナバルチョウ"
"47350:島尻郡南風原町","シマジリグンハエバルチョウ"
"47353:島尻郡渡嘉敷村","シマジリグントカシキソン"
"47354:島尻郡座間味村","シマジリグンザマミソン"
"47355:島尻郡粟国村","シマジリグンアグニソン"
"47356:島尻郡渡名喜村","シマジリグントナキソン"
"47357:島尻郡南大東村","シマジリグンミナミダイトウソン"
"47358:島尻郡北大東村","シマジリグンキタダイトウソン"
"47359:島尻郡伊平屋村","シマジリグンイヘヤソン"
"47360:島尻郡伊是名村","シマジリグンイゼナソン"
"47361:島尻郡久米島町","シマジリグンクメジマチョウ"
"47362:島尻郡八重瀬町","シマジリグンヤエセチョウ"
"47375:宮古郡多良間村","ミヤコグンタラマソン"
"47381:八重山郡竹富町","ヤエヤマグンタケトミチョウ"
"47382:八重山郡与那国町","ヤエヤマグンヨナグニチョウ"
"17212:野々市市","ノノイチシ"
"23238:長久手市","ナガクテシ"
"43101:熊本市中央区","クマモトシチュウオウク"
"43102:熊本市東区","クマモトシヒガシク"
"43103:熊本市西区","クマモトシニシク"
"43104:熊本市南区","クマモトシミナミク"
"43105:熊本市北区","クマモトシキタク"
"11246:白岡市","シラオカシ"
"12239:大網白里市","オオアミシラサトシ"
